field,r,s,lower,upper,exact,lower_source_ids,upper_source_ids,lower_kind,upper_kind,lower_status,upper_status,lower_direct_or_derived,upper_direct_or_derived,derivation_ids,last_checked_utc,audit_status,notes
C,1,1,1,1,true,shapiro-2000,smith-yiu-1992,rank,published construction,scholarly book/monograph,peer-reviewed journal,derived,derived,L-1-1;U-SY-1-1,2026-09-26T00:00:00Z,audited,Bounds are best found in the audited sources and stated elementary closure; global literature completeness is not claimed.
C,1,2,2,2,true,shapiro-2000,smith-yiu-1992,rank,published construction,scholarly book/monograph,peer-reviewed journal,derived,derived,L-1-2;U-SY-1-2,2026-09-26T00:00:00Z,audited,Bounds are best found in the audited sources and stated elementary closure; global literature completeness is not claimed.
C,1,3,3,3,true,shapiro-2000,smith-yiu-1992,rank,published construction,scholarly book/monograph,peer-reviewed journal,derived,derived,L-1-3;U-SY-1-3,2026-09-26T00:00:00Z,audited,Bounds are best found in the audited sources and stated elementary closure; global literature completeness is not claimed.
C,1,4,4,4,true,shapiro-2000,smith-yiu-1992,rank,published construction,scholarly book/monograph,peer-reviewed journal,derived,derived,L-1-4;U-SY-1-4,2026-09-26T00:00:00Z,audited,Bounds are best found in the audited sources and stated elementary closure; global literature completeness is not claimed.
C,1,5,5,5,true,shapiro-2000,smith-yiu-1992,rank,published construction,scholarly book/monograph,peer-reviewed journal,derived,derived,L-1-5;U-SY-1-5,2026-09-26T00:00:00Z,audited,Bounds are best found in the audited sources and stated elementary closure; global literature completeness is not claimed.
C,1,6,6,6,true,shapiro-2000,smith-yiu-1992,rank,published construction,scholarly book/monograph,peer-reviewed journal,derived,derived,L-1-6;U-SY-1-6,2026-09-26T00:00:00Z,audited,Bounds are best found in the audited sources and stated elementary closure; global literature completeness is not claimed.
C,1,7,7,7,true,shapiro-2000,smith-yiu-1992,rank,published construction,scholarly book/monograph,peer-reviewed journal,derived,derived,L-1-7;U-SY-1-7,2026-09-26T00:00:00Z,audited,Bounds are best found in the audited sources and stated elementary closure; global literature completeness is not claimed.
C,1,8,8,8,true,shapiro-2000,smith-yiu-1992,rank,published construction,scholarly book/monograph,peer-reviewed journal,derived,derived,L-1-8;U-SY-1-8,2026-09-26T00:00:00Z,audited,Bounds are best found in the audited sources and stated elementary closure; global literature completeness is not claimed.
C,1,9,9,9,true,shapiro-2000,smith-yiu-1992,rank,published construction,scholarly book/monograph,peer-reviewed journal,derived,derived,L-1-9;U-SY-1-9,2026-09-26T00:00:00Z,audited,Bounds are best found in the audited sources and stated elementary closure; global literature completeness is not claimed.
C,1,10,10,10,true,shapiro-2000,smith-yiu-1992,rank,published construction,scholarly book/monograph,peer-reviewed journal,derived,derived,L-1-10;U-SY-1-10,2026-09-26T00:00:00Z,audited,Bounds are best found in the audited sources and stated elementary closure; global literature completeness is not claimed.
C,1,11,11,11,true,shapiro-2000,smith-yiu-1992,rank,published construction,scholarly book/monograph,peer-reviewed journal,derived,derived,L-1-11;U-SY-1-11,2026-09-26T00:00:00Z,audited,Bounds are best found in the audited sources and stated elementary closure; global literature completeness is not claimed.
C,1,12,12,12,true,shapiro-2000,smith-yiu-1992,rank,published construction,scholarly book/monograph,peer-reviewed journal,derived,derived,L-1-12;U-SY-1-12,2026-09-26T00:00:00Z,audited,Bounds are best found in the audited sources and stated elementary closure; global literature completeness is not claimed.
C,1,13,13,13,true,shapiro-2000,smith-yiu-1992,rank,published construction,scholarly book/monograph,peer-reviewed journal,derived,derived,L-1-13;U-SY-1-13,2026-09-26T00:00:00Z,audited,Bounds are best found in the audited sources and stated elementary closure; global literature completeness is not claimed.
C,1,14,14,14,true,shapiro-2000,smith-yiu-1992,rank,published construction,scholarly book/monograph,peer-reviewed journal,derived,derived,L-1-14;U-SY-1-14,2026-09-26T00:00:00Z,audited,Bounds are best found in the audited sources and stated elementary closure; global literature completeness is not claimed.
C,1,15,15,15,true,shapiro-2000,smith-yiu-1992,rank,published construction,scholarly book/monograph,peer-reviewed journal,derived,derived,L-1-15;U-SY-1-15,2026-09-26T00:00:00Z,audited,Bounds are best found in the audited sources and stated elementary closure; global literature completeness is not claimed.
C,1,16,16,16,true,shapiro-2000,smith-yiu-1992,rank,published construction,scholarly book/monograph,peer-reviewed journal,derived,derived,L-1-16;U-SY-1-16,2026-09-26T00:00:00Z,audited,Bounds are best found in the audited sources and stated elementary closure; global literature completeness is not claimed.
C,1,17,17,17,true,shapiro-2000,smith-yiu-1992,rank,published construction,scholarly book/monograph,peer-reviewed journal,derived,derived,L-1-17;U-SY-1-17,2026-09-26T00:00:00Z,audited,Bounds are best found in the audited sources and stated elementary closure; global literature completeness is not claimed.
C,1,18,18,18,true,shapiro-2000,smith-yiu-1992,rank,published construction,scholarly book/monograph,peer-reviewed journal,derived,derived,L-1-18;U-SY-1-18,2026-09-26T00:00:00Z,audited,Bounds are best found in the audited sources and stated elementary closure; global literature completeness is not claimed.
C,1,19,19,19,true,shapiro-2000,smith-yiu-1992,rank,published construction,scholarly book/monograph,peer-reviewed journal,derived,derived,L-1-19;U-SY-1-19,2026-09-26T00:00:00Z,audited,Bounds are best found in the audited sources and stated elementary closure; global literature completeness is not claimed.
C,1,20,20,20,true,shapiro-2000,smith-yiu-1992,rank,published construction,scholarly book/monograph,peer-reviewed journal,derived,derived,L-1-20;U-SY-1-20,2026-09-26T00:00:00Z,audited,Bounds are best found in the audited sources and stated elementary closure; global literature completeness is not claimed.
C,1,21,21,21,true,shapiro-2000,smith-yiu-1992,rank,published construction,scholarly book/monograph,peer-reviewed journal,derived,derived,L-1-21;U-SY-1-21,2026-09-26T00:00:00Z,audited,Bounds are best found in the audited sources and stated elementary closure; global literature completeness is not claimed.
C,1,22,22,22,true,shapiro-2000,smith-yiu-1992,rank,published construction,scholarly book/monograph,peer-reviewed journal,derived,derived,L-1-22;U-SY-1-22,2026-09-26T00:00:00Z,audited,Bounds are best found in the audited sources and stated elementary closure; global literature completeness is not claimed.
C,1,23,23,23,true,shapiro-2000,smith-yiu-1992,rank,published construction,scholarly book/monograph,peer-reviewed journal,derived,derived,L-1-23;U-SY-1-23,2026-09-26T00:00:00Z,audited,Bounds are best found in the audited sources and stated elementary closure; global literature completeness is not claimed.
C,1,24,24,24,true,shapiro-2000,smith-yiu-1992,rank,published construction,scholarly book/monograph,peer-reviewed journal,derived,derived,L-1-24;U-SY-1-24,2026-09-26T00:00:00Z,audited,Bounds are best found in the audited sources and stated elementary closure; global literature completeness is not claimed.
C,1,25,25,25,true,shapiro-2000,smith-yiu-1992,rank,published construction,scholarly book/monograph,peer-reviewed journal,derived,derived,L-1-25;U-SY-1-25,2026-09-26T00:00:00Z,audited,Bounds are best found in the audited sources and stated elementary closure; global literature completeness is not claimed.
C,1,26,26,26,true,shapiro-2000,smith-yiu-1992,rank,published construction,scholarly book/monograph,peer-reviewed journal,derived,derived,L-1-26;U-SY-1-26,2026-09-26T00:00:00Z,audited,Bounds are best found in the audited sources and stated elementary closure; global literature completeness is not claimed.
C,1,27,27,27,true,shapiro-2000,smith-yiu-1992,rank,published construction,scholarly book/monograph,peer-reviewed journal,derived,derived,L-1-27;U-SY-1-27,2026-09-26T00:00:00Z,audited,Bounds are best found in the audited sources and stated elementary closure; global literature completeness is not claimed.
C,1,28,28,28,true,shapiro-2000,smith-yiu-1992,rank,published construction,scholarly book/monograph,peer-reviewed journal,derived,derived,L-1-28;U-SY-1-28,2026-09-26T00:00:00Z,audited,Bounds are best found in the audited sources and stated elementary closure; global literature completeness is not claimed.
C,1,29,29,29,true,shapiro-2000,smith-yiu-1992,rank,published construction,scholarly book/monograph,peer-reviewed journal,derived,derived,L-1-29;U-SY-1-29,2026-09-26T00:00:00Z,audited,Bounds are best found in the audited sources and stated elementary closure; global literature completeness is not claimed.
C,1,30,30,30,true,shapiro-2000,smith-yiu-1992,rank,published construction,scholarly book/monograph,peer-reviewed journal,derived,derived,L-1-30;U-SY-1-30,2026-09-26T00:00:00Z,audited,Bounds are best found in the audited sources and stated elementary closure; global literature completeness is not claimed.
C,1,31,31,31,true,shapiro-2000,smith-yiu-1992,rank,published construction,scholarly book/monograph,peer-reviewed journal,derived,derived,L-1-31;U-SY-1-31,2026-09-26T00:00:00Z,audited,Bounds are best found in the audited sources and stated elementary closure; global literature completeness is not claimed.
C,1,32,32,32,true,shapiro-2000,smith-yiu-1992,rank,published construction,scholarly book/monograph,peer-reviewed journal,derived,derived,L-1-32;U-SY-1-32,2026-09-26T00:00:00Z,audited,Bounds are best found in the audited sources and stated elementary closure; global literature completeness is not claimed.
C,2,2,2,2,true,shapiro-2000,smith-yiu-1992,rank,published construction,scholarly book/monograph,peer-reviewed journal,derived,derived,L-2-2;U-SY-2-2,2026-09-26T00:00:00Z,audited,Bounds are best found in the audited sources and stated elementary closure; global literature completeness is not claimed.
C,2,3,4,4,true,dugger-isaksen-2007,smith-yiu-1992,Hopf-Stiefel,published construction,peer-reviewed journal,peer-reviewed journal,derived,derived,L-2-3;U-SY-2-3,2026-09-26T00:00:00Z,audited,Bounds are best found in the audited sources and stated elementary closure; global literature completeness is not claimed.
C,2,4,4,4,true,shapiro-2000,smith-yiu-1992,rank,published construction,scholarly book/monograph,peer-reviewed journal,derived,derived,L-2-4;U-SY-2-4,2026-09-26T00:00:00Z,audited,Bounds are best found in the audited sources and stated elementary closure; global literature completeness is not claimed.
C,2,5,6,6,true,dugger-isaksen-2007,smith-yiu-1992,Hopf-Stiefel,published construction,peer-reviewed journal,peer-reviewed journal,derived,derived,L-2-5;U-SY-2-5,2026-09-26T00:00:00Z,audited,Bounds are best found in the audited sources and stated elementary closure; global literature completeness is not claimed.
C,2,6,6,6,true,shapiro-2000,smith-yiu-1992,rank,published construction,scholarly book/monograph,peer-reviewed journal,derived,derived,L-2-6;U-SY-2-6,2026-09-26T00:00:00Z,audited,Bounds are best found in the audited sources and stated elementary closure; global literature completeness is not claimed.
C,2,7,8,8,true,dugger-isaksen-2007,smith-yiu-1992,Hopf-Stiefel,published construction,peer-reviewed journal,peer-reviewed journal,derived,derived,L-2-7;U-SY-2-7,2026-09-26T00:00:00Z,audited,Bounds are best found in the audited sources and stated elementary closure; global literature completeness is not claimed.
C,2,8,8,8,true,shapiro-2000,smith-yiu-1992,rank,published construction,scholarly book/monograph,peer-reviewed journal,derived,derived,L-2-8;U-SY-2-8,2026-09-26T00:00:00Z,audited,Bounds are best found in the audited sources and stated elementary closure; global literature completeness is not claimed.
C,2,9,10,10,true,dugger-isaksen-2007,smith-yiu-1992,Hopf-Stiefel,published construction,peer-reviewed journal,peer-reviewed journal,derived,derived,L-2-9;U-SY-2-9,2026-09-26T00:00:00Z,audited,Bounds are best found in the audited sources and stated elementary closure; global literature completeness is not claimed.
C,2,10,10,10,true,shapiro-2000,smith-yiu-1992,rank,published construction,scholarly book/monograph,peer-reviewed journal,derived,derived,L-2-10;U-SY-2-10,2026-09-26T00:00:00Z,audited,Bounds are best found in the audited sources and stated elementary closure; global literature completeness is not claimed.
C,2,11,12,12,true,dugger-isaksen-2007,smith-yiu-1992,Hopf-Stiefel,published construction,peer-reviewed journal,peer-reviewed journal,derived,derived,L-2-11;U-SY-2-11,2026-09-26T00:00:00Z,audited,Bounds are best found in the audited sources and stated elementary closure; global literature completeness is not claimed.
C,2,12,12,12,true,shapiro-2000,smith-yiu-1992,rank,published construction,scholarly book/monograph,peer-reviewed journal,derived,derived,L-2-12;U-SY-2-12,2026-09-26T00:00:00Z,audited,Bounds are best found in the audited sources and stated elementary closure; global literature completeness is not claimed.
C,2,13,14,14,true,dugger-isaksen-2007,smith-yiu-1992,Hopf-Stiefel,published construction,peer-reviewed journal,peer-reviewed journal,derived,derived,L-2-13;U-SY-2-13,2026-09-26T00:00:00Z,audited,Bounds are best found in the audited sources and stated elementary closure; global literature completeness is not claimed.
C,2,14,14,14,true,shapiro-2000,smith-yiu-1992,rank,published construction,scholarly book/monograph,peer-reviewed journal,derived,derived,L-2-14;U-SY-2-14,2026-09-26T00:00:00Z,audited,Bounds are best found in the audited sources and stated elementary closure; global literature completeness is not claimed.
C,2,15,16,16,true,dugger-isaksen-2007,smith-yiu-1992,Hopf-Stiefel,published construction,peer-reviewed journal,peer-reviewed journal,derived,derived,L-2-15;U-SY-2-15,2026-09-26T00:00:00Z,audited,Bounds are best found in the audited sources and stated elementary closure; global literature completeness is not claimed.
C,2,16,16,16,true,shapiro-2000,smith-yiu-1992,rank,published construction,scholarly book/monograph,peer-reviewed journal,derived,derived,L-2-16;U-SY-2-16,2026-09-26T00:00:00Z,audited,Bounds are best found in the audited sources and stated elementary closure; global literature completeness is not claimed.
C,2,17,18,18,true,dugger-isaksen-2007,smith-yiu-1992,Hopf-Stiefel,published construction,peer-reviewed journal,peer-reviewed journal,derived,derived,L-2-17;U-SY-2-17,2026-09-26T00:00:00Z,audited,Bounds are best found in the audited sources and stated elementary closure; global literature completeness is not claimed.
C,2,18,18,18,true,shapiro-2000,smith-yiu-1992,rank,published construction,scholarly book/monograph,peer-reviewed journal,derived,derived,L-2-18;U-SY-2-18,2026-09-26T00:00:00Z,audited,Bounds are best found in the audited sources and stated elementary closure; global literature completeness is not claimed.
C,2,19,20,20,true,dugger-isaksen-2007,smith-yiu-1992,Hopf-Stiefel,published construction,peer-reviewed journal,peer-reviewed journal,derived,derived,L-2-19;U-SY-2-19,2026-09-26T00:00:00Z,audited,Bounds are best found in the audited sources and stated elementary closure; global literature completeness is not claimed.
C,2,20,20,20,true,shapiro-2000,smith-yiu-1992,rank,published construction,scholarly book/monograph,peer-reviewed journal,derived,derived,L-2-20;U-SY-2-20,2026-09-26T00:00:00Z,audited,Bounds are best found in the audited sources and stated elementary closure; global literature completeness is not claimed.
C,2,21,22,22,true,dugger-isaksen-2007,smith-yiu-1992,Hopf-Stiefel,published construction,peer-reviewed journal,peer-reviewed journal,derived,derived,L-2-21;U-SY-2-21,2026-09-26T00:00:00Z,audited,Bounds are best found in the audited sources and stated elementary closure; global literature completeness is not claimed.
C,2,22,22,22,true,shapiro-2000,smith-yiu-1992,rank,published construction,scholarly book/monograph,peer-reviewed journal,derived,derived,L-2-22;U-SY-2-22,2026-09-26T00:00:00Z,audited,Bounds are best found in the audited sources and stated elementary closure; global literature completeness is not claimed.
C,2,23,24,24,true,dugger-isaksen-2007,smith-yiu-1992,Hopf-Stiefel,published construction,peer-reviewed journal,peer-reviewed journal,derived,derived,L-2-23;U-SY-2-23,2026-09-26T00:00:00Z,audited,Bounds are best found in the audited sources and stated elementary closure; global literature completeness is not claimed.
C,2,24,24,24,true,shapiro-2000,smith-yiu-1992,rank,published construction,scholarly book/monograph,peer-reviewed journal,derived,derived,L-2-24;U-SY-2-24,2026-09-26T00:00:00Z,audited,Bounds are best found in the audited sources and stated elementary closure; global literature completeness is not claimed.
C,2,25,26,26,true,dugger-isaksen-2007,smith-yiu-1992,Hopf-Stiefel,published construction,peer-reviewed journal,peer-reviewed journal,derived,derived,L-2-25;U-SY-2-25,2026-09-26T00:00:00Z,audited,Bounds are best found in the audited sources and stated elementary closure; global literature completeness is not claimed.
C,2,26,26,26,true,shapiro-2000,smith-yiu-1992,rank,published construction,scholarly book/monograph,peer-reviewed journal,derived,derived,L-2-26;U-SY-2-26,2026-09-26T00:00:00Z,audited,Bounds are best found in the audited sources and stated elementary closure; global literature completeness is not claimed.
C,2,27,28,28,true,dugger-isaksen-2007,smith-yiu-1992,Hopf-Stiefel,published construction,peer-reviewed journal,peer-reviewed journal,derived,derived,L-2-27;U-SY-2-27,2026-09-26T00:00:00Z,audited,Bounds are best found in the audited sources and stated elementary closure; global literature completeness is not claimed.
C,2,28,28,28,true,shapiro-2000,smith-yiu-1992,rank,published construction,scholarly book/monograph,peer-reviewed journal,derived,derived,L-2-28;U-SY-2-28,2026-09-26T00:00:00Z,audited,Bounds are best found in the audited sources and stated elementary closure; global literature completeness is not claimed.
C,2,29,30,30,true,dugger-isaksen-2007,smith-yiu-1992,Hopf-Stiefel,published construction,peer-reviewed journal,peer-reviewed journal,derived,derived,L-2-29;U-SY-2-29,2026-09-26T00:00:00Z,audited,Bounds are best found in the audited sources and stated elementary closure; global literature completeness is not claimed.
C,2,30,30,30,true,shapiro-2000,smith-yiu-1992,rank,published construction,scholarly book/monograph,peer-reviewed journal,derived,derived,L-2-30;U-SY-2-30,2026-09-26T00:00:00Z,audited,Bounds are best found in the audited sources and stated elementary closure; global literature completeness is not claimed.
C,2,31,32,32,true,dugger-isaksen-2007,smith-yiu-1992,Hopf-Stiefel,published construction,peer-reviewed journal,peer-reviewed journal,derived,derived,L-2-31;U-SY-2-31,2026-09-26T00:00:00Z,audited,Bounds are best found in the audited sources and stated elementary closure; global literature completeness is not claimed.
C,2,32,32,32,true,shapiro-2000,smith-yiu-1992,rank,published construction,scholarly book/monograph,peer-reviewed journal,derived,derived,L-2-32;U-SY-2-32,2026-09-26T00:00:00Z,audited,Bounds are best found in the audited sources and stated elementary closure; global literature completeness is not claimed.
C,3,3,4,4,true,dugger-isaksen-2007,smith-yiu-1992,Hopf-Stiefel,published construction,peer-reviewed journal,peer-reviewed journal,derived,derived,L-3-3;U-SY-3-3,2026-09-26T00:00:00Z,audited,Bounds are best found in the audited sources and stated elementary closure; global literature completeness is not claimed.
C,3,4,4,4,true,shapiro-2000,smith-yiu-1992,rank,published construction,scholarly book/monograph,peer-reviewed journal,derived,derived,L-3-4;U-SY-3-4,2026-09-26T00:00:00Z,audited,Bounds are best found in the audited sources and stated elementary closure; global literature completeness is not claimed.
C,3,5,7,7,true,dugger-isaksen-2007,smith-yiu-1992,Hopf-Stiefel,published construction,peer-reviewed journal,peer-reviewed journal,derived,derived,L-3-5;U-SY-3-5,2026-09-26T00:00:00Z,audited,Bounds are best found in the audited sources and stated elementary closure; global literature completeness is not claimed.
C,3,6,8,8,true,dugger-isaksen-2007,smith-yiu-1992,Hopf-Stiefel,published construction,peer-reviewed journal,peer-reviewed journal,derived,derived,L-3-6;U-SY-3-6,2026-09-26T00:00:00Z,audited,Bounds are best found in the audited sources and stated elementary closure; global literature completeness is not claimed.
C,3,7,8,8,true,dugger-isaksen-2007,smith-yiu-1992,Hopf-Stiefel,published construction,peer-reviewed journal,peer-reviewed journal,derived,derived,L-3-7;U-SY-3-7,2026-09-26T00:00:00Z,audited,Bounds are best found in the audited sources and stated elementary closure; global literature completeness is not claimed.
C,3,8,8,8,true,shapiro-2000,smith-yiu-1992,rank,published construction,scholarly book/monograph,peer-reviewed journal,derived,derived,L-3-8;U-SY-3-8,2026-09-26T00:00:00Z,audited,Bounds are best found in the audited sources and stated elementary closure; global literature completeness is not claimed.
C,3,9,11,11,true,dugger-isaksen-2007,smith-yiu-1992,Hopf-Stiefel,published construction,peer-reviewed journal,peer-reviewed journal,derived,derived,L-3-9;U-SY-3-9,2026-09-26T00:00:00Z,audited,Bounds are best found in the audited sources and stated elementary closure; global literature completeness is not claimed.
C,3,10,12,12,true,dugger-isaksen-2007,smith-yiu-1992,Hopf-Stiefel,published construction,peer-reviewed journal,peer-reviewed journal,derived,derived,L-3-10;U-SY-3-10,2026-09-26T00:00:00Z,audited,Bounds are best found in the audited sources and stated elementary closure; global literature completeness is not claimed.
C,3,11,12,12,true,dugger-isaksen-2007,smith-yiu-1992,Hopf-Stiefel,published construction,peer-reviewed journal,peer-reviewed journal,derived,derived,L-3-11;U-SY-3-11,2026-09-26T00:00:00Z,audited,Bounds are best found in the audited sources and stated elementary closure; global literature completeness is not claimed.
C,3,12,12,12,true,shapiro-2000,smith-yiu-1992,rank,published construction,scholarly book/monograph,peer-reviewed journal,derived,derived,L-3-12;U-SY-3-12,2026-09-26T00:00:00Z,audited,Bounds are best found in the audited sources and stated elementary closure; global literature completeness is not claimed.
C,3,13,15,15,true,dugger-isaksen-2007,smith-yiu-1992,Hopf-Stiefel,published construction,peer-reviewed journal,peer-reviewed journal,derived,derived,L-3-13;U-SY-3-13,2026-09-26T00:00:00Z,audited,Bounds are best found in the audited sources and stated elementary closure; global literature completeness is not claimed.
C,3,14,16,16,true,dugger-isaksen-2007,smith-yiu-1992,Hopf-Stiefel,published construction,peer-reviewed journal,peer-reviewed journal,derived,derived,L-3-14;U-SY-3-14,2026-09-26T00:00:00Z,audited,Bounds are best found in the audited sources and stated elementary closure; global literature completeness is not claimed.
C,3,15,16,16,true,dugger-isaksen-2007,smith-yiu-1992,Hopf-Stiefel,published construction,peer-reviewed journal,peer-reviewed journal,derived,derived,L-3-15;U-SY-3-15,2026-09-26T00:00:00Z,audited,Bounds are best found in the audited sources and stated elementary closure; global literature completeness is not claimed.
C,3,16,16,16,true,shapiro-2000,smith-yiu-1992,rank,published construction,scholarly book/monograph,peer-reviewed journal,derived,derived,L-3-16;U-SY-3-16,2026-09-26T00:00:00Z,audited,Bounds are best found in the audited sources and stated elementary closure; global literature completeness is not claimed.
C,3,17,19,19,true,dugger-isaksen-2007,smith-yiu-1992,Hopf-Stiefel,published construction,peer-reviewed journal,peer-reviewed journal,derived,derived,L-3-17;U-SY-3-17,2026-09-26T00:00:00Z,audited,Bounds are best found in the audited sources and stated elementary closure; global literature completeness is not claimed.
C,3,18,20,20,true,dugger-isaksen-2007,smith-yiu-1992,Hopf-Stiefel,published construction,peer-reviewed journal,peer-reviewed journal,derived,derived,L-3-18;U-SY-3-18,2026-09-26T00:00:00Z,audited,Bounds are best found in the audited sources and stated elementary closure; global literature completeness is not claimed.
C,3,19,20,20,true,dugger-isaksen-2007,smith-yiu-1992,Hopf-Stiefel,published construction,peer-reviewed journal,peer-reviewed journal,derived,derived,L-3-19;U-SY-3-19,2026-09-26T00:00:00Z,audited,Bounds are best found in the audited sources and stated elementary closure; global literature completeness is not claimed.
C,3,20,20,20,true,shapiro-2000,smith-yiu-1992,rank,published construction,scholarly book/monograph,peer-reviewed journal,derived,derived,L-3-20;U-SY-3-20,2026-09-26T00:00:00Z,audited,Bounds are best found in the audited sources and stated elementary closure; global literature completeness is not claimed.
C,3,21,23,23,true,dugger-isaksen-2007,smith-yiu-1992,Hopf-Stiefel,published construction,peer-reviewed journal,peer-reviewed journal,derived,derived,L-3-21;U-SY-3-21,2026-09-26T00:00:00Z,audited,Bounds are best found in the audited sources and stated elementary closure; global literature completeness is not claimed.
C,3,22,24,24,true,dugger-isaksen-2007,smith-yiu-1992,Hopf-Stiefel,published construction,peer-reviewed journal,peer-reviewed journal,derived,derived,L-3-22;U-SY-3-22,2026-09-26T00:00:00Z,audited,Bounds are best found in the audited sources and stated elementary closure; global literature completeness is not claimed.
C,3,23,24,24,true,dugger-isaksen-2007,smith-yiu-1992,Hopf-Stiefel,published construction,peer-reviewed journal,peer-reviewed journal,derived,derived,L-3-23;U-SY-3-23,2026-09-26T00:00:00Z,audited,Bounds are best found in the audited sources and stated elementary closure; global literature completeness is not claimed.
C,3,24,24,24,true,shapiro-2000,smith-yiu-1992,rank,published construction,scholarly book/monograph,peer-reviewed journal,derived,derived,L-3-24;U-SY-3-24,2026-09-26T00:00:00Z,audited,Bounds are best found in the audited sources and stated elementary closure; global literature completeness is not claimed.
C,3,25,27,27,true,dugger-isaksen-2007,smith-yiu-1992,Hopf-Stiefel,published construction,peer-reviewed journal,peer-reviewed journal,derived,derived,L-3-25;U-SY-3-25,2026-09-26T00:00:00Z,audited,Bounds are best found in the audited sources and stated elementary closure; global literature completeness is not claimed.
C,3,26,28,28,true,dugger-isaksen-2007,smith-yiu-1992,Hopf-Stiefel,published construction,peer-reviewed journal,peer-reviewed journal,derived,derived,L-3-26;U-SY-3-26,2026-09-26T00:00:00Z,audited,Bounds are best found in the audited sources and stated elementary closure; global literature completeness is not claimed.
C,3,27,28,28,true,dugger-isaksen-2007,smith-yiu-1992,Hopf-Stiefel,published construction,peer-reviewed journal,peer-reviewed journal,derived,derived,L-3-27;U-SY-3-27,2026-09-26T00:00:00Z,audited,Bounds are best found in the audited sources and stated elementary closure; global literature completeness is not claimed.
C,3,28,28,28,true,shapiro-2000,smith-yiu-1992,rank,published construction,scholarly book/monograph,peer-reviewed journal,derived,derived,L-3-28;U-SY-3-28,2026-09-26T00:00:00Z,audited,Bounds are best found in the audited sources and stated elementary closure; global literature completeness is not claimed.
C,3,29,31,31,true,dugger-isaksen-2007,smith-yiu-1992,Hopf-Stiefel,published construction,peer-reviewed journal,peer-reviewed journal,derived,derived,L-3-29;U-SY-3-29,2026-09-26T00:00:00Z,audited,Bounds are best found in the audited sources and stated elementary closure; global literature completeness is not claimed.
C,3,30,32,32,true,dugger-isaksen-2007,smith-yiu-1992,Hopf-Stiefel,published construction,peer-reviewed journal,peer-reviewed journal,derived,derived,L-3-30;U-SY-3-30,2026-09-26T00:00:00Z,audited,Bounds are best found in the audited sources and stated elementary closure; global literature completeness is not claimed.
C,3,31,32,32,true,dugger-isaksen-2007,smith-yiu-1992,Hopf-Stiefel,published construction,peer-reviewed journal,peer-reviewed journal,derived,derived,L-3-31;U-SY-3-31,2026-09-26T00:00:00Z,audited,Bounds are best found in the audited sources and stated elementary closure; global literature completeness is not claimed.
C,3,32,32,32,true,shapiro-2000,smith-yiu-1992,rank,published construction,scholarly book/monograph,peer-reviewed journal,derived,derived,L-3-32;U-SY-3-32,2026-09-26T00:00:00Z,audited,Bounds are best found in the audited sources and stated elementary closure; global literature completeness is not claimed.
C,4,4,4,4,true,shapiro-2000,smith-yiu-1992,rank,published construction,scholarly book/monograph,peer-reviewed journal,derived,derived,L-4-4;U-SY-4-4,2026-09-26T00:00:00Z,audited,Bounds are best found in the audited sources and stated elementary closure; global literature completeness is not claimed.
C,4,5,8,8,true,dugger-isaksen-2007,smith-yiu-1992,Hopf-Stiefel,published construction,peer-reviewed journal,peer-reviewed journal,derived,derived,L-4-5;U-SY-4-5,2026-09-26T00:00:00Z,audited,Bounds are best found in the audited sources and stated elementary closure; global literature completeness is not claimed.
C,4,6,8,8,true,dugger-isaksen-2007,smith-yiu-1992,Hopf-Stiefel,published construction,peer-reviewed journal,peer-reviewed journal,derived,derived,L-4-6;U-SY-4-6,2026-09-26T00:00:00Z,audited,Bounds are best found in the audited sources and stated elementary closure; global literature completeness is not claimed.
C,4,7,8,8,true,dugger-isaksen-2007,smith-yiu-1992,Hopf-Stiefel,published construction,peer-reviewed journal,peer-reviewed journal,derived,derived,L-4-7;U-SY-4-7,2026-09-26T00:00:00Z,audited,Bounds are best found in the audited sources and stated elementary closure; global literature completeness is not claimed.
C,4,8,8,8,true,shapiro-2000,smith-yiu-1992,rank,published construction,scholarly book/monograph,peer-reviewed journal,derived,derived,L-4-8;U-SY-4-8,2026-09-26T00:00:00Z,audited,Bounds are best found in the audited sources and stated elementary closure; global literature completeness is not claimed.
C,4,9,12,12,true,dugger-isaksen-2007,smith-yiu-1992,Hopf-Stiefel,published construction,peer-reviewed journal,peer-reviewed journal,derived,derived,L-4-9;U-SY-4-9,2026-09-26T00:00:00Z,audited,Bounds are best found in the audited sources and stated elementary closure; global literature completeness is not claimed.
C,4,10,12,12,true,dugger-isaksen-2007,smith-yiu-1992,Hopf-Stiefel,published construction,peer-reviewed journal,peer-reviewed journal,derived,derived,L-4-10;U-SY-4-10,2026-09-26T00:00:00Z,audited,Bounds are best found in the audited sources and stated elementary closure; global literature completeness is not claimed.
C,4,11,12,12,true,dugger-isaksen-2007,smith-yiu-1992,Hopf-Stiefel,published construction,peer-reviewed journal,peer-reviewed journal,derived,derived,L-4-11;U-SY-4-11,2026-09-26T00:00:00Z,audited,Bounds are best found in the audited sources and stated elementary closure; global literature completeness is not claimed.
C,4,12,12,12,true,shapiro-2000,smith-yiu-1992,rank,published construction,scholarly book/monograph,peer-reviewed journal,derived,derived,L-4-12;U-SY-4-12,2026-09-26T00:00:00Z,audited,Bounds are best found in the audited sources and stated elementary closure; global literature completeness is not claimed.
C,4,13,16,16,true,dugger-isaksen-2007,smith-yiu-1992,Hopf-Stiefel,published construction,peer-reviewed journal,peer-reviewed journal,derived,derived,L-4-13;U-SY-4-13,2026-09-26T00:00:00Z,audited,Bounds are best found in the audited sources and stated elementary closure; global literature completeness is not claimed.
C,4,14,16,16,true,dugger-isaksen-2007,smith-yiu-1992,Hopf-Stiefel,published construction,peer-reviewed journal,peer-reviewed journal,derived,derived,L-4-14;U-SY-4-14,2026-09-26T00:00:00Z,audited,Bounds are best found in the audited sources and stated elementary closure; global literature completeness is not claimed.
C,4,15,16,16,true,dugger-isaksen-2007,smith-yiu-1992,Hopf-Stiefel,published construction,peer-reviewed journal,peer-reviewed journal,derived,derived,L-4-15;U-SY-4-15,2026-09-26T00:00:00Z,audited,Bounds are best found in the audited sources and stated elementary closure; global literature completeness is not claimed.
C,4,16,16,16,true,shapiro-2000,smith-yiu-1992,rank,published construction,scholarly book/monograph,peer-reviewed journal,derived,derived,L-4-16;U-SY-4-16,2026-09-26T00:00:00Z,audited,Bounds are best found in the audited sources and stated elementary closure; global literature completeness is not claimed.
C,4,17,20,20,true,dugger-isaksen-2007,smith-yiu-1992,Hopf-Stiefel,published construction,peer-reviewed journal,peer-reviewed journal,derived,derived,L-4-17;U-SY-4-17,2026-09-26T00:00:00Z,audited,Bounds are best found in the audited sources and stated elementary closure; global literature completeness is not claimed.
C,4,18,20,20,true,dugger-isaksen-2007,smith-yiu-1992,Hopf-Stiefel,published construction,peer-reviewed journal,peer-reviewed journal,derived,derived,L-4-18;U-SY-4-18,2026-09-26T00:00:00Z,audited,Bounds are best found in the audited sources and stated elementary closure; global literature completeness is not claimed.
C,4,19,20,20,true,dugger-isaksen-2007,smith-yiu-1992,Hopf-Stiefel,published construction,peer-reviewed journal,peer-reviewed journal,derived,derived,L-4-19;U-SY-4-19,2026-09-26T00:00:00Z,audited,Bounds are best found in the audited sources and stated elementary closure; global literature completeness is not claimed.
C,4,20,20,20,true,shapiro-2000,smith-yiu-1992,rank,published construction,scholarly book/monograph,peer-reviewed journal,derived,derived,L-4-20;U-SY-4-20,2026-09-26T00:00:00Z,audited,Bounds are best found in the audited sources and stated elementary closure; global literature completeness is not claimed.
C,4,21,24,24,true,dugger-isaksen-2007,smith-yiu-1992,Hopf-Stiefel,published construction,peer-reviewed journal,peer-reviewed journal,derived,derived,L-4-21;U-SY-4-21,2026-09-26T00:00:00Z,audited,Bounds are best found in the audited sources and stated elementary closure; global literature completeness is not claimed.
C,4,22,24,24,true,dugger-isaksen-2007,smith-yiu-1992,Hopf-Stiefel,published construction,peer-reviewed journal,peer-reviewed journal,derived,derived,L-4-22;U-SY-4-22,2026-09-26T00:00:00Z,audited,Bounds are best found in the audited sources and stated elementary closure; global literature completeness is not claimed.
C,4,23,24,24,true,dugger-isaksen-2007,smith-yiu-1992,Hopf-Stiefel,published construction,peer-reviewed journal,peer-reviewed journal,derived,derived,L-4-23;U-SY-4-23,2026-09-26T00:00:00Z,audited,Bounds are best found in the audited sources and stated elementary closure; global literature completeness is not claimed.
C,4,24,24,24,true,shapiro-2000,smith-yiu-1992,rank,published construction,scholarly book/monograph,peer-reviewed journal,derived,derived,L-4-24;U-SY-4-24,2026-09-26T00:00:00Z,audited,Bounds are best found in the audited sources and stated elementary closure; global literature completeness is not claimed.
C,4,25,28,28,true,dugger-isaksen-2007,smith-yiu-1992,Hopf-Stiefel,published construction,peer-reviewed journal,peer-reviewed journal,derived,derived,L-4-25;U-SY-4-25,2026-09-26T00:00:00Z,audited,Bounds are best found in the audited sources and stated elementary closure; global literature completeness is not claimed.
C,4,26,28,28,true,dugger-isaksen-2007,smith-yiu-1992,Hopf-Stiefel,published construction,peer-reviewed journal,peer-reviewed journal,derived,derived,L-4-26;U-SY-4-26,2026-09-26T00:00:00Z,audited,Bounds are best found in the audited sources and stated elementary closure; global literature completeness is not claimed.
C,4,27,28,28,true,dugger-isaksen-2007,smith-yiu-1992,Hopf-Stiefel,published construction,peer-reviewed journal,peer-reviewed journal,derived,derived,L-4-27;U-SY-4-27,2026-09-26T00:00:00Z,audited,Bounds are best found in the audited sources and stated elementary closure; global literature completeness is not claimed.
C,4,28,28,28,true,shapiro-2000,smith-yiu-1992,rank,published construction,scholarly book/monograph,peer-reviewed journal,derived,derived,L-4-28;U-SY-4-28,2026-09-26T00:00:00Z,audited,Bounds are best found in the audited sources and stated elementary closure; global literature completeness is not claimed.
C,4,29,32,32,true,dugger-isaksen-2007,smith-yiu-1992,Hopf-Stiefel,published construction,peer-reviewed journal,peer-reviewed journal,derived,derived,L-4-29;U-SY-4-29,2026-09-26T00:00:00Z,audited,Bounds are best found in the audited sources and stated elementary closure; global literature completeness is not claimed.
C,4,30,32,32,true,dugger-isaksen-2007,smith-yiu-1992,Hopf-Stiefel,published construction,peer-reviewed journal,peer-reviewed journal,derived,derived,L-4-30;U-SY-4-30,2026-09-26T00:00:00Z,audited,Bounds are best found in the audited sources and stated elementary closure; global literature completeness is not claimed.
C,4,31,32,32,true,dugger-isaksen-2007,smith-yiu-1992,Hopf-Stiefel,published construction,peer-reviewed journal,peer-reviewed journal,derived,derived,L-4-31;U-SY-4-31,2026-09-26T00:00:00Z,audited,Bounds are best found in the audited sources and stated elementary closure; global literature completeness is not claimed.
C,4,32,32,32,true,shapiro-2000,smith-yiu-1992,rank,published construction,scholarly book/monograph,peer-reviewed journal,derived,derived,L-4-32;U-SY-4-32,2026-09-26T00:00:00Z,audited,Bounds are best found in the audited sources and stated elementary closure; global literature completeness is not claimed.
C,5,5,8,8,true,dugger-isaksen-2007,smith-yiu-1992,Hopf-Stiefel,published construction,peer-reviewed journal,peer-reviewed journal,derived,derived,L-5-5;U-SY-5-5,2026-09-26T00:00:00Z,audited,Bounds are best found in the audited sources and stated elementary closure; global literature completeness is not claimed.
C,5,6,8,8,true,dugger-isaksen-2007,smith-yiu-1992,Hopf-Stiefel,published construction,peer-reviewed journal,peer-reviewed journal,derived,derived,L-5-6;U-SY-5-6,2026-09-26T00:00:00Z,audited,Bounds are best found in the audited sources and stated elementary closure; global literature completeness is not claimed.
C,5,7,8,8,true,dugger-isaksen-2007,smith-yiu-1992,Hopf-Stiefel,published construction,peer-reviewed journal,peer-reviewed journal,derived,derived,L-5-7;U-SY-5-7,2026-09-26T00:00:00Z,audited,Bounds are best found in the audited sources and stated elementary closure; global literature completeness is not claimed.
C,5,8,8,8,true,shapiro-2000,smith-yiu-1992,rank,published construction,scholarly book/monograph,peer-reviewed journal,derived,derived,L-5-8;U-SY-5-8,2026-09-26T00:00:00Z,audited,Bounds are best found in the audited sources and stated elementary closure; global literature completeness is not claimed.
C,5,9,13,13,true,dugger-isaksen-2007,smith-yiu-1992,Hopf-Stiefel,published construction,peer-reviewed journal,peer-reviewed journal,derived,derived,L-5-9;U-SY-5-9,2026-09-26T00:00:00Z,audited,Bounds are best found in the audited sources and stated elementary closure; global literature completeness is not claimed.
C,5,10,14,14,true,dugger-isaksen-2007,smith-yiu-1992,Hopf-Stiefel,published construction,peer-reviewed journal,peer-reviewed journal,derived,derived,L-5-10;U-SY-5-10,2026-09-26T00:00:00Z,audited,Bounds are best found in the audited sources and stated elementary closure; global literature completeness is not claimed.
C,5,11,15,15,true,dugger-isaksen-2007,smith-yiu-1992,Hopf-Stiefel,published construction,peer-reviewed journal,peer-reviewed journal,derived,derived,L-5-11;U-SY-5-11,2026-09-26T00:00:00Z,audited,Bounds are best found in the audited sources and stated elementary closure; global literature completeness is not claimed.
C,5,12,16,16,true,dugger-isaksen-2007,smith-yiu-1992,Hopf-Stiefel,published construction,peer-reviewed journal,peer-reviewed journal,derived,derived,L-5-12;U-SY-5-12,2026-09-26T00:00:00Z,audited,Bounds are best found in the audited sources and stated elementary closure; global literature completeness is not claimed.
C,5,13,16,16,true,dugger-isaksen-2007,smith-yiu-1992,Hopf-Stiefel,published construction,peer-reviewed journal,peer-reviewed journal,derived,derived,L-5-13;U-SY-5-13,2026-09-26T00:00:00Z,audited,Bounds are best found in the audited sources and stated elementary closure; global literature completeness is not claimed.
C,5,14,16,16,true,dugger-isaksen-2007,smith-yiu-1992,Hopf-Stiefel,published construction,peer-reviewed journal,peer-reviewed journal,derived,derived,L-5-14;U-SY-5-14,2026-09-26T00:00:00Z,audited,Bounds are best found in the audited sources and stated elementary closure; global literature completeness is not claimed.
C,5,15,16,16,true,dugger-isaksen-2007,smith-yiu-1992,Hopf-Stiefel,published construction,peer-reviewed journal,peer-reviewed journal,derived,derived,L-5-15;U-SY-5-15,2026-09-26T00:00:00Z,audited,Bounds are best found in the audited sources and stated elementary closure; global literature completeness is not claimed.
C,5,16,16,16,true,shapiro-2000,smith-yiu-1992,rank,published construction,scholarly book/monograph,peer-reviewed journal,derived,derived,L-5-16;U-SY-5-16,2026-09-26T00:00:00Z,audited,Bounds are best found in the audited sources and stated elementary closure; global literature completeness is not claimed.
C,5,17,21,21,true,dugger-isaksen-2007,smith-yiu-1992,Hopf-Stiefel,published construction,peer-reviewed journal,peer-reviewed journal,derived,derived,L-5-17;U-SY-5-17,2026-09-26T00:00:00Z,audited,Bounds are best found in the audited sources and stated elementary closure; global literature completeness is not claimed.
C,5,18,22,22,true,dugger-isaksen-2007,smith-yiu-1992,Hopf-Stiefel,published construction,peer-reviewed journal,peer-reviewed journal,derived,derived,L-5-18;U-SY-5-18,2026-09-26T00:00:00Z,audited,Bounds are best found in the audited sources and stated elementary closure; global literature completeness is not claimed.
C,5,19,23,23,true,dugger-isaksen-2007,smith-yiu-1992,Hopf-Stiefel,published construction,peer-reviewed journal,peer-reviewed journal,derived,derived,L-5-19;U-SY-5-19,2026-09-26T00:00:00Z,audited,Bounds are best found in the audited sources and stated elementary closure; global literature completeness is not claimed.
C,5,20,24,24,true,dugger-isaksen-2007,smith-yiu-1992,Hopf-Stiefel,published construction,peer-reviewed journal,peer-reviewed journal,derived,derived,L-5-20;U-SY-5-20,2026-09-26T00:00:00Z,audited,Bounds are best found in the audited sources and stated elementary closure; global literature completeness is not claimed.
C,5,21,24,24,true,dugger-isaksen-2007,smith-yiu-1992,Hopf-Stiefel,published construction,peer-reviewed journal,peer-reviewed journal,derived,derived,L-5-21;U-SY-5-21,2026-09-26T00:00:00Z,audited,Bounds are best found in the audited sources and stated elementary closure; global literature completeness is not claimed.
C,5,22,24,24,true,dugger-isaksen-2007,smith-yiu-1992,Hopf-Stiefel,published construction,peer-reviewed journal,peer-reviewed journal,derived,derived,L-5-22;U-SY-5-22,2026-09-26T00:00:00Z,audited,Bounds are best found in the audited sources and stated elementary closure; global literature completeness is not claimed.
C,5,23,24,24,true,dugger-isaksen-2007,smith-yiu-1992,Hopf-Stiefel,published construction,peer-reviewed journal,peer-reviewed journal,derived,derived,L-5-23;U-SY-5-23,2026-09-26T00:00:00Z,audited,Bounds are best found in the audited sources and stated elementary closure; global literature completeness is not claimed.
C,5,24,24,24,true,shapiro-2000,smith-yiu-1992,rank,published construction,scholarly book/monograph,peer-reviewed journal,derived,derived,L-5-24;U-SY-5-24,2026-09-26T00:00:00Z,audited,Bounds are best found in the audited sources and stated elementary closure; global literature completeness is not claimed.
C,5,25,29,29,true,dugger-isaksen-2007,smith-yiu-1992,Hopf-Stiefel,published construction,peer-reviewed journal,peer-reviewed journal,derived,derived,L-5-25;U-SY-5-25,2026-09-26T00:00:00Z,audited,Bounds are best found in the audited sources and stated elementary closure; global literature completeness is not claimed.
C,5,26,30,30,true,dugger-isaksen-2007,smith-yiu-1992,Hopf-Stiefel,published construction,peer-reviewed journal,peer-reviewed journal,derived,derived,L-5-26;U-SY-5-26,2026-09-26T00:00:00Z,audited,Bounds are best found in the audited sources and stated elementary closure; global literature completeness is not claimed.
C,5,27,31,31,true,dugger-isaksen-2007,smith-yiu-1992,Hopf-Stiefel,published construction,peer-reviewed journal,peer-reviewed journal,derived,derived,L-5-27;U-SY-5-27,2026-09-26T00:00:00Z,audited,Bounds are best found in the audited sources and stated elementary closure; global literature completeness is not claimed.
C,5,28,32,32,true,dugger-isaksen-2007,smith-yiu-1992,Hopf-Stiefel,published construction,peer-reviewed journal,peer-reviewed journal,derived,derived,L-5-28;U-SY-5-28,2026-09-26T00:00:00Z,audited,Bounds are best found in the audited sources and stated elementary closure; global literature completeness is not claimed.
C,5,29,32,32,true,dugger-isaksen-2007,smith-yiu-1992,Hopf-Stiefel,published construction,peer-reviewed journal,peer-reviewed journal,derived,derived,L-5-29;U-SY-5-29,2026-09-26T00:00:00Z,audited,Bounds are best found in the audited sources and stated elementary closure; global literature completeness is not claimed.
C,5,30,32,32,true,dugger-isaksen-2007,smith-yiu-1992,Hopf-Stiefel,published construction,peer-reviewed journal,peer-reviewed journal,derived,derived,L-5-30;U-SY-5-30,2026-09-26T00:00:00Z,audited,Bounds are best found in the audited sources and stated elementary closure; global literature completeness is not claimed.
C,5,31,32,32,true,dugger-isaksen-2007,smith-yiu-1992,Hopf-Stiefel,published construction,peer-reviewed journal,peer-reviewed journal,derived,derived,L-5-31;U-SY-5-31,2026-09-26T00:00:00Z,audited,Bounds are best found in the audited sources and stated elementary closure; global literature completeness is not claimed.
C,5,32,32,32,true,shapiro-2000,smith-yiu-1992,rank,published construction,scholarly book/monograph,peer-reviewed journal,derived,derived,L-5-32;U-SY-5-32,2026-09-26T00:00:00Z,audited,Bounds are best found in the audited sources and stated elementary closure; global literature completeness is not claimed.
C,6,6,8,8,true,dugger-isaksen-2007,smith-yiu-1992,Hopf-Stiefel,published construction,peer-reviewed journal,peer-reviewed journal,derived,derived,L-6-6;U-SY-6-6,2026-09-26T00:00:00Z,audited,Bounds are best found in the audited sources and stated elementary closure; global literature completeness is not claimed.
C,6,7,8,8,true,dugger-isaksen-2007,smith-yiu-1992,Hopf-Stiefel,published construction,peer-reviewed journal,peer-reviewed journal,derived,derived,L-6-7;U-SY-6-7,2026-09-26T00:00:00Z,audited,Bounds are best found in the audited sources and stated elementary closure; global literature completeness is not claimed.
C,6,8,8,8,true,shapiro-2000,smith-yiu-1992,rank,published construction,scholarly book/monograph,peer-reviewed journal,derived,derived,L-6-8;U-SY-6-8,2026-09-26T00:00:00Z,audited,Bounds are best found in the audited sources and stated elementary closure; global literature completeness is not claimed.
C,6,9,14,14,true,dugger-isaksen-2007,smith-yiu-1992,Hopf-Stiefel,published construction,peer-reviewed journal,peer-reviewed journal,derived,derived,L-6-9;U-SY-6-9,2026-09-26T00:00:00Z,audited,Bounds are best found in the audited sources and stated elementary closure; global literature completeness is not claimed.
C,6,10,14,14,true,dugger-isaksen-2007,smith-yiu-1992,Hopf-Stiefel,published construction,peer-reviewed journal,peer-reviewed journal,derived,derived,L-6-10;U-SY-6-10,2026-09-26T00:00:00Z,audited,Bounds are best found in the audited sources and stated elementary closure; global literature completeness is not claimed.
C,6,11,16,16,true,dugger-isaksen-2007,smith-yiu-1992,Hopf-Stiefel,published construction,peer-reviewed journal,peer-reviewed journal,derived,derived,L-6-11;U-SY-6-11,2026-09-26T00:00:00Z,audited,Bounds are best found in the audited sources and stated elementary closure; global literature completeness is not claimed.
C,6,12,16,16,true,dugger-isaksen-2007,smith-yiu-1992,Hopf-Stiefel,published construction,peer-reviewed journal,peer-reviewed journal,derived,derived,L-6-12;U-SY-6-12,2026-09-26T00:00:00Z,audited,Bounds are best found in the audited sources and stated elementary closure; global literature completeness is not claimed.
C,6,13,16,16,true,dugger-isaksen-2007,smith-yiu-1992,Hopf-Stiefel,published construction,peer-reviewed journal,peer-reviewed journal,derived,derived,L-6-13;U-SY-6-13,2026-09-26T00:00:00Z,audited,Bounds are best found in the audited sources and stated elementary closure; global literature completeness is not claimed.
C,6,14,16,16,true,dugger-isaksen-2007,smith-yiu-1992,Hopf-Stiefel,published construction,peer-reviewed journal,peer-reviewed journal,derived,derived,L-6-14;U-SY-6-14,2026-09-26T00:00:00Z,audited,Bounds are best found in the audited sources and stated elementary closure; global literature completeness is not claimed.
C,6,15,16,16,true,dugger-isaksen-2007,smith-yiu-1992,Hopf-Stiefel,published construction,peer-reviewed journal,peer-reviewed journal,derived,derived,L-6-15;U-SY-6-15,2026-09-26T00:00:00Z,audited,Bounds are best found in the audited sources and stated elementary closure; global literature completeness is not claimed.
C,6,16,16,16,true,shapiro-2000,smith-yiu-1992,rank,published construction,scholarly book/monograph,peer-reviewed journal,derived,derived,L-6-16;U-SY-6-16,2026-09-26T00:00:00Z,audited,Bounds are best found in the audited sources and stated elementary closure; global literature completeness is not claimed.
C,6,17,22,22,true,dugger-isaksen-2007,smith-yiu-1992,Hopf-Stiefel,published construction,peer-reviewed journal,peer-reviewed journal,derived,derived,L-6-17;U-SY-6-17,2026-09-26T00:00:00Z,audited,Bounds are best found in the audited sources and stated elementary closure; global literature completeness is not claimed.
C,6,18,22,22,true,dugger-isaksen-2007,smith-yiu-1992,Hopf-Stiefel,published construction,peer-reviewed journal,peer-reviewed journal,derived,derived,L-6-18;U-SY-6-18,2026-09-26T00:00:00Z,audited,Bounds are best found in the audited sources and stated elementary closure; global literature completeness is not claimed.
C,6,19,24,24,true,dugger-isaksen-2007,smith-yiu-1992,Hopf-Stiefel,published construction,peer-reviewed journal,peer-reviewed journal,derived,derived,L-6-19;U-SY-6-19,2026-09-26T00:00:00Z,audited,Bounds are best found in the audited sources and stated elementary closure; global literature completeness is not claimed.
C,6,20,24,24,true,dugger-isaksen-2007,smith-yiu-1992,Hopf-Stiefel,published construction,peer-reviewed journal,peer-reviewed journal,derived,derived,L-6-20;U-SY-6-20,2026-09-26T00:00:00Z,audited,Bounds are best found in the audited sources and stated elementary closure; global literature completeness is not claimed.
C,6,21,24,24,true,dugger-isaksen-2007,smith-yiu-1992,Hopf-Stiefel,published construction,peer-reviewed journal,peer-reviewed journal,derived,derived,L-6-21;U-SY-6-21,2026-09-26T00:00:00Z,audited,Bounds are best found in the audited sources and stated elementary closure; global literature completeness is not claimed.
C,6,22,24,24,true,dugger-isaksen-2007,smith-yiu-1992,Hopf-Stiefel,published construction,peer-reviewed journal,peer-reviewed journal,derived,derived,L-6-22;U-SY-6-22,2026-09-26T00:00:00Z,audited,Bounds are best found in the audited sources and stated elementary closure; global literature completeness is not claimed.
C,6,23,24,24,true,dugger-isaksen-2007,smith-yiu-1992,Hopf-Stiefel,published construction,peer-reviewed journal,peer-reviewed journal,derived,derived,L-6-23;U-SY-6-23,2026-09-26T00:00:00Z,audited,Bounds are best found in the audited sources and stated elementary closure; global literature completeness is not claimed.
C,6,24,24,24,true,shapiro-2000,smith-yiu-1992,rank,published construction,scholarly book/monograph,peer-reviewed journal,derived,derived,L-6-24;U-SY-6-24,2026-09-26T00:00:00Z,audited,Bounds are best found in the audited sources and stated elementary closure; global literature completeness is not claimed.
C,6,25,30,30,true,dugger-isaksen-2007,smith-yiu-1992,Hopf-Stiefel,published construction,peer-reviewed journal,peer-reviewed journal,derived,derived,L-6-25;U-SY-6-25,2026-09-26T00:00:00Z,audited,Bounds are best found in the audited sources and stated elementary closure; global literature completeness is not claimed.
C,6,26,30,30,true,dugger-isaksen-2007,smith-yiu-1992,Hopf-Stiefel,published construction,peer-reviewed journal,peer-reviewed journal,derived,derived,L-6-26;U-SY-6-26,2026-09-26T00:00:00Z,audited,Bounds are best found in the audited sources and stated elementary closure; global literature completeness is not claimed.
C,6,27,32,32,true,dugger-isaksen-2007,smith-yiu-1992,Hopf-Stiefel,published construction,peer-reviewed journal,peer-reviewed journal,derived,derived,L-6-27;U-SY-6-27,2026-09-26T00:00:00Z,audited,Bounds are best found in the audited sources and stated elementary closure; global literature completeness is not claimed.
C,6,28,32,32,true,dugger-isaksen-2007,smith-yiu-1992,Hopf-Stiefel,published construction,peer-reviewed journal,peer-reviewed journal,derived,derived,L-6-28;U-SY-6-28,2026-09-26T00:00:00Z,audited,Bounds are best found in the audited sources and stated elementary closure; global literature completeness is not claimed.
C,6,29,32,32,true,dugger-isaksen-2007,smith-yiu-1992,Hopf-Stiefel,published construction,peer-reviewed journal,peer-reviewed journal,derived,derived,L-6-29;U-SY-6-29,2026-09-26T00:00:00Z,audited,Bounds are best found in the audited sources and stated elementary closure; global literature completeness is not claimed.
C,6,30,32,32,true,dugger-isaksen-2007,smith-yiu-1992,Hopf-Stiefel,published construction,peer-reviewed journal,peer-reviewed journal,derived,derived,L-6-30;U-SY-6-30,2026-09-26T00:00:00Z,audited,Bounds are best found in the audited sources and stated elementary closure; global literature completeness is not claimed.
C,6,31,32,32,true,dugger-isaksen-2007,smith-yiu-1992,Hopf-Stiefel,published construction,peer-reviewed journal,peer-reviewed journal,derived,derived,L-6-31;U-SY-6-31,2026-09-26T00:00:00Z,audited,Bounds are best found in the audited sources and stated elementary closure; global literature completeness is not claimed.
C,6,32,32,32,true,shapiro-2000,smith-yiu-1992,rank,published construction,scholarly book/monograph,peer-reviewed journal,derived,derived,L-6-32;U-SY-6-32,2026-09-26T00:00:00Z,audited,Bounds are best found in the audited sources and stated elementary closure; global literature completeness is not claimed.
C,7,7,8,8,true,dugger-isaksen-2007,smith-yiu-1992,Hopf-Stiefel,published construction,peer-reviewed journal,peer-reviewed journal,derived,derived,L-7-7;U-SY-7-7,2026-09-26T00:00:00Z,audited,Bounds are best found in the audited sources and stated elementary closure; global literature completeness is not claimed.
C,7,8,8,8,true,shapiro-2000,smith-yiu-1992,rank,published construction,scholarly book/monograph,peer-reviewed journal,derived,derived,L-7-8;U-SY-7-8,2026-09-26T00:00:00Z,audited,Bounds are best found in the audited sources and stated elementary closure; global literature completeness is not claimed.
C,7,9,15,15,true,dugger-isaksen-2007,smith-yiu-1992,Hopf-Stiefel,published construction,peer-reviewed journal,peer-reviewed journal,derived,derived,L-7-9;U-SY-7-9,2026-09-26T00:00:00Z,audited,Bounds are best found in the audited sources and stated elementary closure; global literature completeness is not claimed.
C,7,10,16,16,true,dugger-isaksen-2007,smith-yiu-1992,Hopf-Stiefel,published construction,peer-reviewed journal,peer-reviewed journal,derived,derived,L-7-10;U-SY-7-10,2026-09-26T00:00:00Z,audited,Bounds are best found in the audited sources and stated elementary closure; global literature completeness is not claimed.
C,7,11,16,16,true,dugger-isaksen-2007,smith-yiu-1992,Hopf-Stiefel,published construction,peer-reviewed journal,peer-reviewed journal,derived,derived,L-7-11;U-SY-7-11,2026-09-26T00:00:00Z,audited,Bounds are best found in the audited sources and stated elementary closure; global literature completeness is not claimed.
C,7,12,16,16,true,dugger-isaksen-2007,smith-yiu-1992,Hopf-Stiefel,published construction,peer-reviewed journal,peer-reviewed journal,derived,derived,L-7-12;U-SY-7-12,2026-09-26T00:00:00Z,audited,Bounds are best found in the audited sources and stated elementary closure; global literature completeness is not claimed.
C,7,13,16,16,true,dugger-isaksen-2007,smith-yiu-1992,Hopf-Stiefel,published construction,peer-reviewed journal,peer-reviewed journal,derived,derived,L-7-13;U-SY-7-13,2026-09-26T00:00:00Z,audited,Bounds are best found in the audited sources and stated elementary closure; global literature completeness is not claimed.
C,7,14,16,16,true,dugger-isaksen-2007,smith-yiu-1992,Hopf-Stiefel,published construction,peer-reviewed journal,peer-reviewed journal,derived,derived,L-7-14;U-SY-7-14,2026-09-26T00:00:00Z,audited,Bounds are best found in the audited sources and stated elementary closure; global literature completeness is not claimed.
C,7,15,16,16,true,dugger-isaksen-2007,smith-yiu-1992,Hopf-Stiefel,published construction,peer-reviewed journal,peer-reviewed journal,derived,derived,L-7-15;U-SY-7-15,2026-09-26T00:00:00Z,audited,Bounds are best found in the audited sources and stated elementary closure; global literature completeness is not claimed.
C,7,16,16,16,true,shapiro-2000,smith-yiu-1992,rank,published construction,scholarly book/monograph,peer-reviewed journal,derived,derived,L-7-16;U-SY-7-16,2026-09-26T00:00:00Z,audited,Bounds are best found in the audited sources and stated elementary closure; global literature completeness is not claimed.
C,7,17,23,23,true,dugger-isaksen-2007,smith-yiu-1992,Hopf-Stiefel,published construction,peer-reviewed journal,peer-reviewed journal,derived,derived,L-7-17;U-SY-7-17,2026-09-26T00:00:00Z,audited,Bounds are best found in the audited sources and stated elementary closure; global literature completeness is not claimed.
C,7,18,24,24,true,dugger-isaksen-2007,smith-yiu-1992,Hopf-Stiefel,published construction,peer-reviewed journal,peer-reviewed journal,derived,derived,L-7-18;U-SY-7-18,2026-09-26T00:00:00Z,audited,Bounds are best found in the audited sources and stated elementary closure; global literature completeness is not claimed.
C,7,19,24,24,true,dugger-isaksen-2007,smith-yiu-1992,Hopf-Stiefel,published construction,peer-reviewed journal,peer-reviewed journal,derived,derived,L-7-19;U-SY-7-19,2026-09-26T00:00:00Z,audited,Bounds are best found in the audited sources and stated elementary closure; global literature completeness is not claimed.
C,7,20,24,24,true,dugger-isaksen-2007,smith-yiu-1992,Hopf-Stiefel,published construction,peer-reviewed journal,peer-reviewed journal,derived,derived,L-7-20;U-SY-7-20,2026-09-26T00:00:00Z,audited,Bounds are best found in the audited sources and stated elementary closure; global literature completeness is not claimed.
C,7,21,24,24,true,dugger-isaksen-2007,smith-yiu-1992,Hopf-Stiefel,published construction,peer-reviewed journal,peer-reviewed journal,derived,derived,L-7-21;U-SY-7-21,2026-09-26T00:00:00Z,audited,Bounds are best found in the audited sources and stated elementary closure; global literature completeness is not claimed.
C,7,22,24,24,true,dugger-isaksen-2007,smith-yiu-1992,Hopf-Stiefel,published construction,peer-reviewed journal,peer-reviewed journal,derived,derived,L-7-22;U-SY-7-22,2026-09-26T00:00:00Z,audited,Bounds are best found in the audited sources and stated elementary closure; global literature completeness is not claimed.
C,7,23,24,24,true,dugger-isaksen-2007,smith-yiu-1992,Hopf-Stiefel,published construction,peer-reviewed journal,peer-reviewed journal,derived,derived,L-7-23;U-SY-7-23,2026-09-26T00:00:00Z,audited,Bounds are best found in the audited sources and stated elementary closure; global literature completeness is not claimed.
C,7,24,24,24,true,shapiro-2000,smith-yiu-1992,rank,published construction,scholarly book/monograph,peer-reviewed journal,derived,derived,L-7-24;U-SY-7-24,2026-09-26T00:00:00Z,audited,Bounds are best found in the audited sources and stated elementary closure; global literature completeness is not claimed.
C,7,25,31,31,true,dugger-isaksen-2007,smith-yiu-1992,Hopf-Stiefel,published construction,peer-reviewed journal,peer-reviewed journal,derived,derived,L-7-25;U-SY-7-25,2026-09-26T00:00:00Z,audited,Bounds are best found in the audited sources and stated elementary closure; global literature completeness is not claimed.
C,7,26,32,32,true,dugger-isaksen-2007,smith-yiu-1992,Hopf-Stiefel,published construction,peer-reviewed journal,peer-reviewed journal,derived,derived,L-7-26;U-SY-7-26,2026-09-26T00:00:00Z,audited,Bounds are best found in the audited sources and stated elementary closure; global literature completeness is not claimed.
C,7,27,32,32,true,dugger-isaksen-2007,smith-yiu-1992,Hopf-Stiefel,published construction,peer-reviewed journal,peer-reviewed journal,derived,derived,L-7-27;U-SY-7-27,2026-09-26T00:00:00Z,audited,Bounds are best found in the audited sources and stated elementary closure; global literature completeness is not claimed.
C,7,28,32,32,true,dugger-isaksen-2007,smith-yiu-1992,Hopf-Stiefel,published construction,peer-reviewed journal,peer-reviewed journal,derived,derived,L-7-28;U-SY-7-28,2026-09-26T00:00:00Z,audited,Bounds are best found in the audited sources and stated elementary closure; global literature completeness is not claimed.
C,7,29,32,32,true,dugger-isaksen-2007,smith-yiu-1992,Hopf-Stiefel,published construction,peer-reviewed journal,peer-reviewed journal,derived,derived,L-7-29;U-SY-7-29,2026-09-26T00:00:00Z,audited,Bounds are best found in the audited sources and stated elementary closure; global literature completeness is not claimed.
C,7,30,32,32,true,dugger-isaksen-2007,smith-yiu-1992,Hopf-Stiefel,published construction,peer-reviewed journal,peer-reviewed journal,derived,derived,L-7-30;U-SY-7-30,2026-09-26T00:00:00Z,audited,Bounds are best found in the audited sources and stated elementary closure; global literature completeness is not claimed.
C,7,31,32,32,true,dugger-isaksen-2007,smith-yiu-1992,Hopf-Stiefel,published construction,peer-reviewed journal,peer-reviewed journal,derived,derived,L-7-31;U-SY-7-31,2026-09-26T00:00:00Z,audited,Bounds are best found in the audited sources and stated elementary closure; global literature completeness is not claimed.
C,7,32,32,32,true,shapiro-2000,smith-yiu-1992,rank,published construction,scholarly book/monograph,peer-reviewed journal,derived,derived,L-7-32;U-SY-7-32,2026-09-26T00:00:00Z,audited,Bounds are best found in the audited sources and stated elementary closure; global literature completeness is not claimed.
C,8,8,8,8,true,shapiro-2000,smith-yiu-1992,rank,published construction,scholarly book/monograph,peer-reviewed journal,derived,derived,L-8-8;U-SY-8-8,2026-09-26T00:00:00Z,audited,Bounds are best found in the audited sources and stated elementary closure; global literature completeness is not claimed.
C,8,9,16,16,true,dugger-isaksen-2007,smith-yiu-1992,Hopf-Stiefel,published construction,peer-reviewed journal,peer-reviewed journal,derived,derived,L-8-9;U-SY-8-9,2026-09-26T00:00:00Z,audited,Bounds are best found in the audited sources and stated elementary closure; global literature completeness is not claimed.
C,8,10,16,16,true,dugger-isaksen-2007,smith-yiu-1992,Hopf-Stiefel,published construction,peer-reviewed journal,peer-reviewed journal,derived,derived,L-8-10;U-SY-8-10,2026-09-26T00:00:00Z,audited,Bounds are best found in the audited sources and stated elementary closure; global literature completeness is not claimed.
C,8,11,16,16,true,dugger-isaksen-2007,smith-yiu-1992,Hopf-Stiefel,published construction,peer-reviewed journal,peer-reviewed journal,derived,derived,L-8-11;U-SY-8-11,2026-09-26T00:00:00Z,audited,Bounds are best found in the audited sources and stated elementary closure; global literature completeness is not claimed.
C,8,12,16,16,true,dugger-isaksen-2007,smith-yiu-1992,Hopf-Stiefel,published construction,peer-reviewed journal,peer-reviewed journal,derived,derived,L-8-12;U-SY-8-12,2026-09-26T00:00:00Z,audited,Bounds are best found in the audited sources and stated elementary closure; global literature completeness is not claimed.
C,8,13,16,16,true,dugger-isaksen-2007,smith-yiu-1992,Hopf-Stiefel,published construction,peer-reviewed journal,peer-reviewed journal,derived,derived,L-8-13;U-SY-8-13,2026-09-26T00:00:00Z,audited,Bounds are best found in the audited sources and stated elementary closure; global literature completeness is not claimed.
C,8,14,16,16,true,dugger-isaksen-2007,smith-yiu-1992,Hopf-Stiefel,published construction,peer-reviewed journal,peer-reviewed journal,derived,derived,L-8-14;U-SY-8-14,2026-09-26T00:00:00Z,audited,Bounds are best found in the audited sources and stated elementary closure; global literature completeness is not claimed.
C,8,15,16,16,true,dugger-isaksen-2007,smith-yiu-1992,Hopf-Stiefel,published construction,peer-reviewed journal,peer-reviewed journal,derived,derived,L-8-15;U-SY-8-15,2026-09-26T00:00:00Z,audited,Bounds are best found in the audited sources and stated elementary closure; global literature completeness is not claimed.
C,8,16,16,16,true,shapiro-2000,smith-yiu-1992,rank,published construction,scholarly book/monograph,peer-reviewed journal,derived,derived,L-8-16;U-SY-8-16,2026-09-26T00:00:00Z,audited,Bounds are best found in the audited sources and stated elementary closure; global literature completeness is not claimed.
C,8,17,24,24,true,dugger-isaksen-2007,smith-yiu-1992,Hopf-Stiefel,published construction,peer-reviewed journal,peer-reviewed journal,derived,derived,L-8-17;U-SY-8-17,2026-09-26T00:00:00Z,audited,Bounds are best found in the audited sources and stated elementary closure; global literature completeness is not claimed.
C,8,18,24,24,true,dugger-isaksen-2007,smith-yiu-1992,Hopf-Stiefel,published construction,peer-reviewed journal,peer-reviewed journal,derived,derived,L-8-18;U-SY-8-18,2026-09-26T00:00:00Z,audited,Bounds are best found in the audited sources and stated elementary closure; global literature completeness is not claimed.
C,8,19,24,24,true,dugger-isaksen-2007,smith-yiu-1992,Hopf-Stiefel,published construction,peer-reviewed journal,peer-reviewed journal,derived,derived,L-8-19;U-SY-8-19,2026-09-26T00:00:00Z,audited,Bounds are best found in the audited sources and stated elementary closure; global literature completeness is not claimed.
C,8,20,24,24,true,dugger-isaksen-2007,smith-yiu-1992,Hopf-Stiefel,published construction,peer-reviewed journal,peer-reviewed journal,derived,derived,L-8-20;U-SY-8-20,2026-09-26T00:00:00Z,audited,Bounds are best found in the audited sources and stated elementary closure; global literature completeness is not claimed.
C,8,21,24,24,true,dugger-isaksen-2007,smith-yiu-1992,Hopf-Stiefel,published construction,peer-reviewed journal,peer-reviewed journal,derived,derived,L-8-21;U-SY-8-21,2026-09-26T00:00:00Z,audited,Bounds are best found in the audited sources and stated elementary closure; global literature completeness is not claimed.
C,8,22,24,24,true,dugger-isaksen-2007,smith-yiu-1992,Hopf-Stiefel,published construction,peer-reviewed journal,peer-reviewed journal,derived,derived,L-8-22;U-SY-8-22,2026-09-26T00:00:00Z,audited,Bounds are best found in the audited sources and stated elementary closure; global literature completeness is not claimed.
C,8,23,24,24,true,dugger-isaksen-2007,smith-yiu-1992,Hopf-Stiefel,published construction,peer-reviewed journal,peer-reviewed journal,derived,derived,L-8-23;U-SY-8-23,2026-09-26T00:00:00Z,audited,Bounds are best found in the audited sources and stated elementary closure; global literature completeness is not claimed.
C,8,24,24,24,true,shapiro-2000,smith-yiu-1992,rank,published construction,scholarly book/monograph,peer-reviewed journal,derived,derived,L-8-24;U-SY-8-24,2026-09-26T00:00:00Z,audited,Bounds are best found in the audited sources and stated elementary closure; global literature completeness is not claimed.
C,8,25,32,32,true,dugger-isaksen-2007,smith-yiu-1992,Hopf-Stiefel,published construction,peer-reviewed journal,peer-reviewed journal,derived,derived,L-8-25;U-SY-8-25,2026-09-26T00:00:00Z,audited,Bounds are best found in the audited sources and stated elementary closure; global literature completeness is not claimed.
C,8,26,32,32,true,dugger-isaksen-2007,smith-yiu-1992,Hopf-Stiefel,published construction,peer-reviewed journal,peer-reviewed journal,derived,derived,L-8-26;U-SY-8-26,2026-09-26T00:00:00Z,audited,Bounds are best found in the audited sources and stated elementary closure; global literature completeness is not claimed.
C,8,27,32,32,true,dugger-isaksen-2007,smith-yiu-1992,Hopf-Stiefel,published construction,peer-reviewed journal,peer-reviewed journal,derived,derived,L-8-27;U-SY-8-27,2026-09-26T00:00:00Z,audited,Bounds are best found in the audited sources and stated elementary closure; global literature completeness is not claimed.
C,8,28,32,32,true,dugger-isaksen-2007,smith-yiu-1992,Hopf-Stiefel,published construction,peer-reviewed journal,peer-reviewed journal,derived,derived,L-8-28;U-SY-8-28,2026-09-26T00:00:00Z,audited,Bounds are best found in the audited sources and stated elementary closure; global literature completeness is not claimed.
C,8,29,32,32,true,dugger-isaksen-2007,smith-yiu-1992,Hopf-Stiefel,published construction,peer-reviewed journal,peer-reviewed journal,derived,derived,L-8-29;U-SY-8-29,2026-09-26T00:00:00Z,audited,Bounds are best found in the audited sources and stated elementary closure; global literature completeness is not claimed.
C,8,30,32,32,true,dugger-isaksen-2007,smith-yiu-1992,Hopf-Stiefel,published construction,peer-reviewed journal,peer-reviewed journal,derived,derived,L-8-30;U-SY-8-30,2026-09-26T00:00:00Z,audited,Bounds are best found in the audited sources and stated elementary closure; global literature completeness is not claimed.
C,8,31,32,32,true,dugger-isaksen-2007,smith-yiu-1992,Hopf-Stiefel,published construction,peer-reviewed journal,peer-reviewed journal,derived,derived,L-8-31;U-SY-8-31,2026-09-26T00:00:00Z,audited,Bounds are best found in the audited sources and stated elementary closure; global literature completeness is not claimed.
C,8,32,32,32,true,shapiro-2000,smith-yiu-1992,rank,published construction,scholarly book/monograph,peer-reviewed journal,derived,derived,L-8-32;U-SY-8-32,2026-09-26T00:00:00Z,audited,Bounds are best found in the audited sources and stated elementary closure; global literature completeness is not claimed.
C,9,9,16,16,true,dugger-isaksen-2007,smith-yiu-1992,Hopf-Stiefel,published construction,peer-reviewed journal,peer-reviewed journal,derived,derived,L-9-9;U-SY-9-9,2026-09-26T00:00:00Z,audited,Bounds are best found in the audited sources and stated elementary closure; global literature completeness is not claimed.
C,9,10,16,16,true,dugger-isaksen-2007,smith-yiu-1992,Hopf-Stiefel,published construction,peer-reviewed journal,peer-reviewed journal,derived,derived,L-9-10;U-SY-9-10,2026-09-26T00:00:00Z,audited,Bounds are best found in the audited sources and stated elementary closure; global literature completeness is not claimed.
C,9,11,16,16,true,dugger-isaksen-2007,smith-yiu-1992,Hopf-Stiefel,published construction,peer-reviewed journal,peer-reviewed journal,derived,derived,L-9-11;U-SY-9-11,2026-09-26T00:00:00Z,audited,Bounds are best found in the audited sources and stated elementary closure; global literature completeness is not claimed.
C,9,12,16,16,true,dugger-isaksen-2007,smith-yiu-1992,Hopf-Stiefel,published construction,peer-reviewed journal,peer-reviewed journal,derived,derived,L-9-12;U-SY-9-12,2026-09-26T00:00:00Z,audited,Bounds are best found in the audited sources and stated elementary closure; global literature completeness is not claimed.
C,9,13,16,16,true,dugger-isaksen-2007,smith-yiu-1992,Hopf-Stiefel,published construction,peer-reviewed journal,peer-reviewed journal,derived,derived,L-9-13;U-SY-9-13,2026-09-26T00:00:00Z,audited,Bounds are best found in the audited sources and stated elementary closure; global literature completeness is not claimed.
C,9,14,16,16,true,dugger-isaksen-2007,smith-yiu-1992,Hopf-Stiefel,published construction,peer-reviewed journal,peer-reviewed journal,derived,derived,L-9-14;U-SY-9-14,2026-09-26T00:00:00Z,audited,Bounds are best found in the audited sources and stated elementary closure; global literature completeness is not claimed.
C,9,15,16,16,true,dugger-isaksen-2007,smith-yiu-1992,Hopf-Stiefel,published construction,peer-reviewed journal,peer-reviewed journal,derived,derived,L-9-15;U-SY-9-15,2026-09-26T00:00:00Z,audited,Bounds are best found in the audited sources and stated elementary closure; global literature completeness is not claimed.
C,9,16,16,16,true,shapiro-2000,smith-yiu-1992,rank,published construction,scholarly book/monograph,peer-reviewed journal,derived,derived,L-9-16;U-SY-9-16,2026-09-26T00:00:00Z,audited,Bounds are best found in the audited sources and stated elementary closure; global literature completeness is not claimed.
C,9,17,25,25,true,dugger-isaksen-2007,smith-yiu-1992,Hopf-Stiefel,published construction,peer-reviewed journal,peer-reviewed journal,derived,derived,L-9-17;U-SY-9-17,2026-09-26T00:00:00Z,audited,Bounds are best found in the audited sources and stated elementary closure; global literature completeness is not claimed.
C,9,18,26,26,true,dugger-isaksen-2007,smith-yiu-1992,Hopf-Stiefel,published construction,peer-reviewed journal,peer-reviewed journal,derived,derived,L-9-18;U-SY-9-18,2026-09-26T00:00:00Z,audited,Bounds are best found in the audited sources and stated elementary closure; global literature completeness is not claimed.
C,9,19,27,27,true,dugger-isaksen-2007,smith-yiu-1992,Hopf-Stiefel,published construction,peer-reviewed journal,peer-reviewed journal,derived,derived,L-9-19;U-SY-9-19,2026-09-26T00:00:00Z,audited,Bounds are best found in the audited sources and stated elementary closure; global literature completeness is not claimed.
C,9,20,28,28,true,dugger-isaksen-2007,smith-yiu-1992,Hopf-Stiefel,published construction,peer-reviewed journal,peer-reviewed journal,derived,derived,L-9-20;U-SY-9-20,2026-09-26T00:00:00Z,audited,Bounds are best found in the audited sources and stated elementary closure; global literature completeness is not claimed.
C,9,21,29,29,true,dugger-isaksen-2007,smith-yiu-1992,Hopf-Stiefel,published construction,peer-reviewed journal,peer-reviewed journal,derived,derived,L-9-21;U-SY-9-21,2026-09-26T00:00:00Z,audited,Bounds are best found in the audited sources and stated elementary closure; global literature completeness is not claimed.
C,9,22,30,30,true,dugger-isaksen-2007,smith-yiu-1992,Hopf-Stiefel,published construction,peer-reviewed journal,peer-reviewed journal,derived,derived,L-9-22;U-SY-9-22,2026-09-26T00:00:00Z,audited,Bounds are best found in the audited sources and stated elementary closure; global literature completeness is not claimed.
C,9,23,31,31,true,dugger-isaksen-2007,smith-yiu-1992,Hopf-Stiefel,published construction,peer-reviewed journal,peer-reviewed journal,derived,derived,L-9-23;U-SY-9-23,2026-09-26T00:00:00Z,audited,Bounds are best found in the audited sources and stated elementary closure; global literature completeness is not claimed.
C,9,24,32,32,true,dugger-isaksen-2007,smith-yiu-1992,Hopf-Stiefel,published construction,peer-reviewed journal,peer-reviewed journal,derived,derived,L-9-24;U-SY-9-24,2026-09-26T00:00:00Z,audited,Bounds are best found in the audited sources and stated elementary closure; global literature completeness is not claimed.
C,9,25,32,32,true,dugger-isaksen-2007,smith-yiu-1992,Hopf-Stiefel,published construction,peer-reviewed journal,peer-reviewed journal,derived,derived,L-9-25;U-SY-9-25,2026-09-26T00:00:00Z,audited,Bounds are best found in the audited sources and stated elementary closure; global literature completeness is not claimed.
C,9,26,32,32,true,dugger-isaksen-2007,smith-yiu-1992,Hopf-Stiefel,published construction,peer-reviewed journal,peer-reviewed journal,derived,derived,L-9-26;U-SY-9-26,2026-09-26T00:00:00Z,audited,Bounds are best found in the audited sources and stated elementary closure; global literature completeness is not claimed.
C,9,27,32,32,true,dugger-isaksen-2007,smith-yiu-1992,Hopf-Stiefel,published construction,peer-reviewed journal,peer-reviewed journal,derived,derived,L-9-27;U-SY-9-27,2026-09-26T00:00:00Z,audited,Bounds are best found in the audited sources and stated elementary closure; global literature completeness is not claimed.
C,9,28,32,32,true,dugger-isaksen-2007,smith-yiu-1992,Hopf-Stiefel,published construction,peer-reviewed journal,peer-reviewed journal,derived,derived,L-9-28;U-SY-9-28,2026-09-26T00:00:00Z,audited,Bounds are best found in the audited sources and stated elementary closure; global literature completeness is not claimed.
C,9,29,32,32,true,dugger-isaksen-2007,smith-yiu-1992,Hopf-Stiefel,published construction,peer-reviewed journal,peer-reviewed journal,derived,derived,L-9-29;U-SY-9-29,2026-09-26T00:00:00Z,audited,Bounds are best found in the audited sources and stated elementary closure; global literature completeness is not claimed.
C,9,30,32,32,true,dugger-isaksen-2007,smith-yiu-1992,Hopf-Stiefel,published construction,peer-reviewed journal,peer-reviewed journal,derived,derived,L-9-30;U-SY-9-30,2026-09-26T00:00:00Z,audited,Bounds are best found in the audited sources and stated elementary closure; global literature completeness is not claimed.
C,9,31,32,32,true,dugger-isaksen-2007,smith-yiu-1992,Hopf-Stiefel,published construction,peer-reviewed journal,peer-reviewed journal,derived,derived,L-9-31;U-SY-9-31,2026-09-26T00:00:00Z,audited,Bounds are best found in the audited sources and stated elementary closure; global literature completeness is not claimed.
C,9,32,32,32,true,shapiro-2000,smith-yiu-1992,rank,published construction,scholarly book/monograph,peer-reviewed journal,derived,derived,L-9-32;U-SY-9-32,2026-09-26T00:00:00Z,audited,Bounds are best found in the audited sources and stated elementary closure; global literature completeness is not claimed.
C,10,10,16,16,true,dugger-isaksen-2007,smith-yiu-1992,Hopf-Stiefel,published construction,peer-reviewed journal,peer-reviewed journal,derived,derived,L-10-10;U-TABLE-smith-yiu-1992-10-10,2026-09-26T00:00:00Z,audited,Bounds are best found in the audited sources and stated elementary closure; global literature completeness is not claimed.
C,10,11,17,18,false,shapiro-2000,zhang-zhu-2026,nonsingular-map obstruction,source restriction,scholarly book/monograph,public preprint,derived,derived,L-10-11;U-D0004,2026-09-26T00:00:00Z,audited,Bounds are best found in the audited sources and stated elementary closure; global literature completeness is not claimed.
C,10,12,17,18,false,shapiro-2000,zhang-zhu-2026,nonsingular-map obstruction,source restriction,scholarly book/monograph,public preprint,derived,derived,L-10-12;U-D0003,2026-09-26T00:00:00Z,audited,Bounds are best found in the audited sources and stated elementary closure; global literature completeness is not claimed.
C,10,13,19,27,false,shapiro-2000,smith-yiu-1992,nonsingular-map obstruction,published construction,scholarly book/monograph,peer-reviewed journal,derived,derived,L-10-13;U-TABLE-smith-yiu-1992-10-13,2026-09-26T00:00:00Z,audited,Bounds are best found in the audited sources and stated elementary closure; global literature completeness is not claimed.
C,10,14,20,27,false,shapiro-2000,smith-yiu-1992,nonsingular-map obstruction,published construction,scholarly book/monograph,peer-reviewed journal,derived,derived,L-10-14;U-TABLE-smith-yiu-1992-10-14,2026-09-26T00:00:00Z,audited,Bounds are best found in the audited sources and stated elementary closure; global literature completeness is not claimed.
C,10,15,20,28,false,shapiro-2000,smith-yiu-1992,nonsingular-map obstruction,published construction,scholarly book/monograph,peer-reviewed journal,derived,derived,L-10-15;U-TABLE-smith-yiu-1992-10-15,2026-09-26T00:00:00Z,audited,Bounds are best found in the audited sources and stated elementary closure; global literature completeness is not claimed.
C,10,16,22,28,false,shapiro-2000,smith-yiu-1992,nonsingular-map obstruction,published construction,scholarly book/monograph,peer-reviewed journal,derived,derived,L-10-16;U-TABLE-smith-yiu-1992-10-16,2026-09-26T00:00:00Z,audited,Bounds are best found in the audited sources and stated elementary closure; global literature completeness is not claimed.
C,10,17,26,29,false,dugger-isaksen-2007,shapiro-2000,Hopf-Stiefel,published construction,peer-reviewed journal,scholarly book/monograph,derived,derived,L-10-17;U-TABLE-shapiro-2000-10-17,2026-09-26T00:00:00Z,audited,Bounds are best found in the audited sources and stated elementary closure; global literature completeness is not claimed.
C,10,18,26,29,false,dugger-isaksen-2007,shapiro-2000,Hopf-Stiefel,published construction,peer-reviewed journal,scholarly book/monograph,derived,derived,L-10-18;U-TABLE-shapiro-2000-10-18,2026-09-26T00:00:00Z,audited,Bounds are best found in the audited sources and stated elementary closure; global literature completeness is not claimed.
C,10,19,28,30,false,dugger-isaksen-2007,shapiro-2000,Hopf-Stiefel,published construction,peer-reviewed journal,scholarly book/monograph,derived,derived,L-10-19;U-TABLE-shapiro-2000-10-19,2026-09-26T00:00:00Z,audited,Bounds are best found in the audited sources and stated elementary closure; global literature completeness is not claimed.
C,10,20,28,30,false,dugger-isaksen-2007,shapiro-2000,Hopf-Stiefel,published construction,peer-reviewed journal,scholarly book/monograph,derived,derived,L-10-20;U-TABLE-shapiro-2000-10-20,2026-09-26T00:00:00Z,audited,Bounds are best found in the audited sources and stated elementary closure; global literature completeness is not claimed.
C,10,21,30,30,true,dugger-isaksen-2007,shapiro-2000,Hopf-Stiefel,published construction,peer-reviewed journal,scholarly book/monograph,derived,derived,L-10-21;U-TABLE-shapiro-2000-10-21,2026-09-26T00:00:00Z,audited,Bounds are best found in the audited sources and stated elementary closure; global literature completeness is not claimed.
C,10,22,30,30,true,dugger-isaksen-2007,shapiro-2000,Hopf-Stiefel,published construction,peer-reviewed journal,scholarly book/monograph,derived,derived,L-10-22;U-TABLE-shapiro-2000-10-22,2026-09-26T00:00:00Z,audited,Bounds are best found in the audited sources and stated elementary closure; global literature completeness is not claimed.
C,10,23,32,32,true,dugger-isaksen-2007,shapiro-2000,Hopf-Stiefel,published construction,peer-reviewed journal,scholarly book/monograph,derived,derived,L-10-23;U-TABLE-shapiro-2000-10-23,2026-09-26T00:00:00Z,audited,Bounds are best found in the audited sources and stated elementary closure; global literature completeness is not claimed.
C,10,24,32,32,true,dugger-isaksen-2007,shapiro-2000,Hopf-Stiefel,published construction,peer-reviewed journal,scholarly book/monograph,derived,derived,L-10-24;U-TABLE-shapiro-2000-10-24,2026-09-26T00:00:00Z,audited,Bounds are best found in the audited sources and stated elementary closure; global literature completeness is not claimed.
C,10,25,32,32,true,dugger-isaksen-2007,shapiro-2000,Hopf-Stiefel,published construction,peer-reviewed journal,scholarly book/monograph,derived,derived,L-10-25;U-TABLE-shapiro-2000-10-25,2026-09-26T00:00:00Z,audited,Bounds are best found in the audited sources and stated elementary closure; global literature completeness is not claimed.
C,10,26,32,32,true,dugger-isaksen-2007,shapiro-2000,Hopf-Stiefel,published construction,peer-reviewed journal,scholarly book/monograph,derived,derived,L-10-26;U-TABLE-shapiro-2000-10-26,2026-09-26T00:00:00Z,audited,Bounds are best found in the audited sources and stated elementary closure; global literature completeness is not claimed.
C,10,27,32,32,true,dugger-isaksen-2007,shapiro-2000,Hopf-Stiefel,published construction,peer-reviewed journal,scholarly book/monograph,derived,derived,L-10-27;U-TABLE-shapiro-2000-10-27,2026-09-26T00:00:00Z,audited,Bounds are best found in the audited sources and stated elementary closure; global literature completeness is not claimed.
C,10,28,32,32,true,dugger-isaksen-2007,shapiro-2000,Hopf-Stiefel,published construction,peer-reviewed journal,scholarly book/monograph,derived,derived,L-10-28;U-TABLE-shapiro-2000-10-28,2026-09-26T00:00:00Z,audited,Bounds are best found in the audited sources and stated elementary closure; global literature completeness is not claimed.
C,10,29,32,32,true,dugger-isaksen-2007,shapiro-2000,Hopf-Stiefel,published construction,peer-reviewed journal,scholarly book/monograph,derived,derived,L-10-29;U-TABLE-shapiro-2000-10-29,2026-09-26T00:00:00Z,audited,Bounds are best found in the audited sources and stated elementary closure; global literature completeness is not claimed.
C,10,30,32,32,true,dugger-isaksen-2007,shapiro-2000,Hopf-Stiefel,published construction,peer-reviewed journal,scholarly book/monograph,derived,derived,L-10-30;U-TABLE-shapiro-2000-10-30,2026-09-26T00:00:00Z,audited,Bounds are best found in the audited sources and stated elementary closure; global literature completeness is not claimed.
C,10,31,32,32,true,dugger-isaksen-2007,shapiro-2000,Hopf-Stiefel,published construction,peer-reviewed journal,scholarly book/monograph,derived,derived,L-10-31;U-TABLE-shapiro-2000-10-31,2026-09-26T00:00:00Z,audited,Bounds are best found in the audited sources and stated elementary closure; global literature completeness is not claimed.
C,10,32,32,32,true,shapiro-2000,shapiro-2000,rank,published construction,scholarly book/monograph,scholarly book/monograph,derived,derived,L-10-32;U-TABLE-shapiro-2000-10-32,2026-09-26T00:00:00Z,audited,Bounds are best found in the audited sources and stated elementary closure; global literature completeness is not claimed.
C,11,11,17,18,false,shapiro-2000,zhang-zhu-2026,nonsingular-map obstruction,source restriction,scholarly book/monograph,public preprint,derived,derived,L-11-11;U-D0002,2026-09-26T00:00:00Z,audited,Bounds are best found in the audited sources and stated elementary closure; global literature completeness is not claimed.
C,11,12,17,18,false,shapiro-2000,zhang-zhu-2026,nonsingular-map obstruction,source restriction,scholarly book/monograph,public preprint,derived,derived,L-11-12;U-D0001,2026-09-26T00:00:00Z,audited,Bounds are best found in the audited sources and stated elementary closure; global literature completeness is not claimed.
C,11,13,19,28,false,shapiro-2000,smith-yiu-1992,nonsingular-map obstruction,published construction,scholarly book/monograph,peer-reviewed journal,derived,derived,L-11-13;U-TABLE-smith-yiu-1992-11-13,2026-09-26T00:00:00Z,audited,Bounds are best found in the audited sources and stated elementary closure; global literature completeness is not claimed.
C,11,14,20,28,false,shapiro-2000,smith-yiu-1992,nonsingular-map obstruction,published construction,scholarly book/monograph,peer-reviewed journal,derived,derived,L-11-14;U-TABLE-smith-yiu-1992-11-14,2026-09-26T00:00:00Z,audited,Bounds are best found in the audited sources and stated elementary closure; global literature completeness is not claimed.
C,11,15,21,30,false,shapiro-2000,smith-yiu-1992,nonsingular-map obstruction,published construction,scholarly book/monograph,peer-reviewed journal,derived,derived,L-11-15;U-TABLE-smith-yiu-1992-11-15,2026-09-26T00:00:00Z,audited,Bounds are best found in the audited sources and stated elementary closure; global literature completeness is not claimed.
C,11,16,23,30,false,shapiro-2000,smith-yiu-1992,nonsingular-map obstruction,published construction,scholarly book/monograph,peer-reviewed journal,derived,derived,L-11-16;U-TABLE-smith-yiu-1992-11-16,2026-09-26T00:00:00Z,audited,Bounds are best found in the audited sources and stated elementary closure; global literature completeness is not claimed.
C,11,17,27,32,false,dugger-isaksen-2007,shapiro-2000,Hopf-Stiefel,published construction,peer-reviewed journal,scholarly book/monograph,derived,derived,L-11-17;U-TABLE-shapiro-2000-11-17,2026-09-26T00:00:00Z,audited,Bounds are best found in the audited sources and stated elementary closure; global literature completeness is not claimed.
C,11,18,28,32,false,dugger-isaksen-2007,shapiro-2000,Hopf-Stiefel,published construction,peer-reviewed journal,scholarly book/monograph,derived,derived,L-11-18;U-TABLE-shapiro-2000-11-18,2026-09-26T00:00:00Z,audited,Bounds are best found in the audited sources and stated elementary closure; global literature completeness is not claimed.
C,11,19,28,32,false,dugger-isaksen-2007,shapiro-2000,Hopf-Stiefel,published construction,peer-reviewed journal,scholarly book/monograph,derived,derived,L-11-19;U-TABLE-shapiro-2000-11-19,2026-09-26T00:00:00Z,audited,Bounds are best found in the audited sources and stated elementary closure; global literature completeness is not claimed.
C,11,20,28,32,false,dugger-isaksen-2007,shapiro-2000,Hopf-Stiefel,published construction,peer-reviewed journal,scholarly book/monograph,derived,derived,L-11-20;U-TABLE-shapiro-2000-11-20,2026-09-26T00:00:00Z,audited,Bounds are best found in the audited sources and stated elementary closure; global literature completeness is not claimed.
C,11,21,31,34,false,dugger-isaksen-2007,smith-yiu-1992;zhang-zhu-2026,Hopf-Stiefel,direct sum,peer-reviewed journal,peer-reviewed journal;public preprint,derived,derived,L-11-21;U-D0007,2026-09-26T00:00:00Z,audited,Bounds are best found in the audited sources and stated elementary closure; global literature completeness is not claimed.
C,11,22,32,36,false,dugger-isaksen-2007,zhang-zhu-2026,Hopf-Stiefel,direct sum,peer-reviewed journal,public preprint,derived,derived,L-11-22;U-D0008,2026-09-26T00:00:00Z,audited,Bounds are best found in the audited sources and stated elementary closure; global literature completeness is not claimed.
C,11,23,32,36,false,dugger-isaksen-2007,zhang-zhu-2026,Hopf-Stiefel,direct sum,peer-reviewed journal,public preprint,derived,derived,L-11-23;U-D0010,2026-09-26T00:00:00Z,audited,Bounds are best found in the audited sources and stated elementary closure; global literature completeness is not claimed.
C,11,24,32,36,false,dugger-isaksen-2007,zhang-zhu-2026,Hopf-Stiefel,direct sum,peer-reviewed journal,public preprint,derived,derived,L-11-24;U-D0012,2026-09-26T00:00:00Z,audited,Bounds are best found in the audited sources and stated elementary closure; global literature completeness is not claimed.
C,11,25,32,46,false,dugger-isaksen-2007,shapiro-2000,Hopf-Stiefel,published construction,peer-reviewed journal,scholarly book/monograph,derived,derived,L-11-25;U-TABLE-shapiro-2000-11-25,2026-09-26T00:00:00Z,audited,Bounds are best found in the audited sources and stated elementary closure; global literature completeness is not claimed.
C,11,26,32,46,false,dugger-isaksen-2007,smith-yiu-1992;zhang-zhu-2026,Hopf-Stiefel,direct sum,peer-reviewed journal,peer-reviewed journal;public preprint,derived,derived,L-11-26;U-D0016,2026-09-26T00:00:00Z,audited,Bounds are best found in the audited sources and stated elementary closure; global literature completeness is not claimed.
C,11,27,32,48,false,dugger-isaksen-2007,shapiro-2000,Hopf-Stiefel,published construction,peer-reviewed journal,scholarly book/monograph,derived,derived,L-11-27;U-TABLE-shapiro-2000-11-27,2026-09-26T00:00:00Z,audited,Bounds are best found in the audited sources and stated elementary closure; global literature completeness is not claimed.
C,11,28,32,48,false,dugger-isaksen-2007,shapiro-2000,Hopf-Stiefel,published construction,peer-reviewed journal,scholarly book/monograph,derived,derived,L-11-28;U-TABLE-shapiro-2000-11-28,2026-09-26T00:00:00Z,audited,Bounds are best found in the audited sources and stated elementary closure; global literature completeness is not claimed.
C,11,29,32,48,false,dugger-isaksen-2007,shapiro-2000,Hopf-Stiefel,published construction,peer-reviewed journal,scholarly book/monograph,derived,derived,L-11-29;U-TABLE-shapiro-2000-11-29,2026-09-26T00:00:00Z,audited,Bounds are best found in the audited sources and stated elementary closure; global literature completeness is not claimed.
C,11,30,32,50,false,dugger-isaksen-2007,smith-yiu-1992;zhang-zhu-2026,Hopf-Stiefel,direct sum,peer-reviewed journal,peer-reviewed journal;public preprint,derived,derived,L-11-30;U-D0020,2026-09-26T00:00:00Z,audited,Bounds are best found in the audited sources and stated elementary closure; global literature completeness is not claimed.
C,11,31,33,50,false,xie-2014,shapiro-2000;zhang-zhu-2026,Hermitian K-theory,direct sum,peer-reviewed journal,public preprint;scholarly book/monograph,derived,derived,L-11-31;U-D0022,2026-09-26T00:00:00Z,audited,Bounds are best found in the audited sources and stated elementary closure; global literature completeness is not claimed.
C,11,32,34,50,false,xie-2014,shapiro-2000;zhang-zhu-2026,Hermitian K-theory,direct sum,peer-reviewed journal,public preprint;scholarly book/monograph,derived,derived,L-11-32;U-D0025,2026-09-26T00:00:00Z,audited,Bounds are best found in the audited sources and stated elementary closure; global literature completeness is not claimed.
C,12,12,17,18,false,shapiro-2000,zhang-zhu-2026,nonsingular-map obstruction,published construction,scholarly book/monograph,public preprint,derived,direct,L-12-12;U-ZZ-12-12,2026-09-26T00:00:00Z,audited,Bounds are best found in the audited sources and stated elementary closure; global literature completeness is not claimed.
C,12,13,19,28,false,shapiro-2000,smith-yiu-1992,nonsingular-map obstruction,published construction,scholarly book/monograph,peer-reviewed journal,derived,derived,L-12-13;U-TABLE-smith-yiu-1992-12-13,2026-09-26T00:00:00Z,audited,Bounds are best found in the audited sources and stated elementary closure; global literature completeness is not claimed.
C,12,14,20,30,false,shapiro-2000,smith-yiu-1992,nonsingular-map obstruction,published construction,scholarly book/monograph,peer-reviewed journal,derived,derived,L-12-14;U-TABLE-smith-yiu-1992-12-14,2026-09-26T00:00:00Z,audited,Bounds are best found in the audited sources and stated elementary closure; global literature completeness is not claimed.
C,12,15,21,30,false,shapiro-2000,smith-yiu-1992;zhang-zhu-2026,nonsingular-map obstruction,direct sum,scholarly book/monograph,peer-reviewed journal;public preprint,derived,derived,L-12-15;U-D0005,2026-09-26T00:00:00Z,audited,Bounds are best found in the audited sources and stated elementary closure; global literature completeness is not claimed.
C,12,16,23,30,false,shapiro-2000,smith-yiu-1992;zhang-zhu-2026,nonsingular-map obstruction,direct sum,scholarly book/monograph,peer-reviewed journal;public preprint,derived,derived,L-12-16;U-D0006,2026-09-26T00:00:00Z,audited,Bounds are best found in the audited sources and stated elementary closure; global literature completeness is not claimed.
C,12,17,28,32,false,dugger-isaksen-2007,shapiro-2000,Hopf-Stiefel,published construction,peer-reviewed journal,scholarly book/monograph,derived,derived,L-12-17;U-TABLE-shapiro-2000-12-17,2026-09-26T00:00:00Z,audited,Bounds are best found in the audited sources and stated elementary closure; global literature completeness is not claimed.
C,12,18,28,32,false,dugger-isaksen-2007,shapiro-2000,Hopf-Stiefel,published construction,peer-reviewed journal,scholarly book/monograph,derived,derived,L-12-18;U-TABLE-shapiro-2000-12-18,2026-09-26T00:00:00Z,audited,Bounds are best found in the audited sources and stated elementary closure; global literature completeness is not claimed.
C,12,19,28,32,false,dugger-isaksen-2007,shapiro-2000,Hopf-Stiefel,published construction,peer-reviewed journal,scholarly book/monograph,derived,derived,L-12-19;U-TABLE-shapiro-2000-12-19,2026-09-26T00:00:00Z,audited,Bounds are best found in the audited sources and stated elementary closure; global literature completeness is not claimed.
C,12,20,28,32,false,dugger-isaksen-2007,shapiro-2000,Hopf-Stiefel,published construction,peer-reviewed journal,scholarly book/monograph,derived,derived,L-12-20;U-TABLE-shapiro-2000-12-20,2026-09-26T00:00:00Z,audited,Bounds are best found in the audited sources and stated elementary closure; global literature completeness is not claimed.
C,12,21,32,34,false,dugger-isaksen-2007,smith-yiu-1992;zhang-zhu-2026,Hopf-Stiefel,direct sum,peer-reviewed journal,peer-reviewed journal;public preprint,derived,derived,L-12-21;U-D0009,2026-09-26T00:00:00Z,audited,Bounds are best found in the audited sources and stated elementary closure; global literature completeness is not claimed.
C,12,22,32,36,false,dugger-isaksen-2007,zhang-zhu-2026,Hopf-Stiefel,direct sum,peer-reviewed journal,public preprint,derived,derived,L-12-22;U-D0011,2026-09-26T00:00:00Z,audited,Bounds are best found in the audited sources and stated elementary closure; global literature completeness is not claimed.
C,12,23,32,36,false,dugger-isaksen-2007,zhang-zhu-2026,Hopf-Stiefel,direct sum,peer-reviewed journal,public preprint,derived,derived,L-12-23;U-D0013,2026-09-26T00:00:00Z,audited,Bounds are best found in the audited sources and stated elementary closure; global literature completeness is not claimed.
C,12,24,32,36,false,dugger-isaksen-2007,zhang-zhu-2026,Hopf-Stiefel,direct sum,peer-reviewed journal,public preprint,derived,derived,L-12-24;U-D0014,2026-09-26T00:00:00Z,audited,Bounds are best found in the audited sources and stated elementary closure; global literature completeness is not claimed.
C,12,25,32,46,false,dugger-isaksen-2007,smith-yiu-1992;zhang-zhu-2026,Hopf-Stiefel,direct sum,peer-reviewed journal,peer-reviewed journal;public preprint,derived,derived,L-12-25;U-D0017,2026-09-26T00:00:00Z,audited,Bounds are best found in the audited sources and stated elementary closure; global literature completeness is not claimed.
C,12,26,32,48,false,dugger-isaksen-2007,shapiro-2000,Hopf-Stiefel,published construction,peer-reviewed journal,scholarly book/monograph,derived,derived,L-12-26;U-TABLE-shapiro-2000-12-26,2026-09-26T00:00:00Z,audited,Bounds are best found in the audited sources and stated elementary closure; global literature completeness is not claimed.
C,12,27,32,48,false,dugger-isaksen-2007,shapiro-2000,Hopf-Stiefel,published construction,peer-reviewed journal,scholarly book/monograph,derived,derived,L-12-27;U-TABLE-shapiro-2000-12-27,2026-09-26T00:00:00Z,audited,Bounds are best found in the audited sources and stated elementary closure; global literature completeness is not claimed.
C,12,28,32,48,false,dugger-isaksen-2007,shapiro-2000,Hopf-Stiefel,published construction,peer-reviewed journal,scholarly book/monograph,derived,derived,L-12-28;U-TABLE-shapiro-2000-12-28,2026-09-26T00:00:00Z,audited,Bounds are best found in the audited sources and stated elementary closure; global literature completeness is not claimed.
C,12,29,32,48,false,dugger-isaksen-2007,shapiro-2000,Hopf-Stiefel,published construction,peer-reviewed journal,scholarly book/monograph,derived,derived,L-12-29;U-TABLE-shapiro-2000-12-29,2026-09-26T00:00:00Z,audited,Bounds are best found in the audited sources and stated elementary closure; global literature completeness is not claimed.
C,12,30,32,50,false,dugger-isaksen-2007,smith-yiu-1992;zhang-zhu-2026,Hopf-Stiefel,direct sum,peer-reviewed journal,peer-reviewed journal;public preprint,derived,derived,L-12-30;U-D0023,2026-09-26T00:00:00Z,audited,Bounds are best found in the audited sources and stated elementary closure; global literature completeness is not claimed.
C,12,31,33,50,false,xie-2014,shapiro-2000;zhang-zhu-2026,Hermitian K-theory,direct sum,peer-reviewed journal,public preprint;scholarly book/monograph,derived,derived,L-12-31;U-D0026,2026-09-26T00:00:00Z,audited,Bounds are best found in the audited sources and stated elementary closure; global literature completeness is not claimed.
C,12,32,34,50,false,xie-2014,shapiro-2000;zhang-zhu-2026,Hermitian K-theory,direct sum,peer-reviewed journal,public preprint;scholarly book/monograph,derived,derived,L-12-32;U-D0028,2026-09-26T00:00:00Z,audited,Bounds are best found in the audited sources and stated elementary closure; global literature completeness is not claimed.
C,13,13,19,28,false,shapiro-2000,smith-yiu-1992,nonsingular-map obstruction,published construction,scholarly book/monograph,peer-reviewed journal,derived,derived,L-13-13;U-TABLE-smith-yiu-1992-13-13,2026-09-26T00:00:00Z,audited,Bounds are best found in the audited sources and stated elementary closure; global literature completeness is not claimed.
C,13,14,23,32,false,shapiro-2000,smith-yiu-1992,nonsingular-map obstruction,published construction,scholarly book/monograph,peer-reviewed journal,derived,derived,L-13-14;U-TABLE-smith-yiu-1992-13-14,2026-09-26T00:00:00Z,audited,Bounds are best found in the audited sources and stated elementary closure; global literature completeness is not claimed.
C,13,15,23,32,false,shapiro-2000,smith-yiu-1992,nonsingular-map obstruction,published construction,scholarly book/monograph,peer-reviewed journal,derived,derived,L-13-15;U-TABLE-smith-yiu-1992-13-15,2026-09-26T00:00:00Z,audited,Bounds are best found in the audited sources and stated elementary closure; global literature completeness is not claimed.
C,13,16,23,32,false,shapiro-2000,smith-yiu-1992,nonsingular-map obstruction,published construction,scholarly book/monograph,peer-reviewed journal,derived,derived,L-13-16;U-TABLE-smith-yiu-1992-13-16,2026-09-26T00:00:00Z,audited,Bounds are best found in the audited sources and stated elementary closure; global literature completeness is not claimed.
C,13,17,29,32,false,dugger-isaksen-2007,shapiro-2000,Hopf-Stiefel,published construction,peer-reviewed journal,scholarly book/monograph,derived,derived,L-13-17;U-TABLE-shapiro-2000-13-17,2026-09-26T00:00:00Z,audited,Bounds are best found in the audited sources and stated elementary closure; global literature completeness is not claimed.
C,13,18,30,32,false,dugger-isaksen-2007,shapiro-2000,Hopf-Stiefel,published construction,peer-reviewed journal,scholarly book/monograph,derived,derived,L-13-18;U-TABLE-shapiro-2000-13-18,2026-09-26T00:00:00Z,audited,Bounds are best found in the audited sources and stated elementary closure; global literature completeness is not claimed.
C,13,19,31,43,false,dugger-isaksen-2007,shapiro-2000,Hopf-Stiefel,published construction,peer-reviewed journal,scholarly book/monograph,derived,derived,L-13-19;U-TABLE-shapiro-2000-13-19,2026-09-26T00:00:00Z,audited,Bounds are best found in the audited sources and stated elementary closure; global literature completeness is not claimed.
C,13,20,32,44,false,dugger-isaksen-2007,shapiro-2000,Hopf-Stiefel,published construction,peer-reviewed journal,scholarly book/monograph,derived,derived,L-13-20;U-TABLE-shapiro-2000-13-20,2026-09-26T00:00:00Z,audited,Bounds are best found in the audited sources and stated elementary closure; global literature completeness is not claimed.
C,13,21,32,44,false,dugger-isaksen-2007,shapiro-2000,Hopf-Stiefel,published construction,peer-reviewed journal,scholarly book/monograph,derived,derived,L-13-21;U-TABLE-shapiro-2000-13-21,2026-09-26T00:00:00Z,audited,Bounds are best found in the audited sources and stated elementary closure; global literature completeness is not claimed.
C,13,22,32,44,false,dugger-isaksen-2007,shapiro-2000,Hopf-Stiefel,published construction,peer-reviewed journal,scholarly book/monograph,derived,derived,L-13-22;U-TABLE-shapiro-2000-13-22,2026-09-26T00:00:00Z,audited,Bounds are best found in the audited sources and stated elementary closure; global literature completeness is not claimed.
C,13,23,32,48,false,dugger-isaksen-2007,shapiro-2000,Hopf-Stiefel,published construction,peer-reviewed journal,scholarly book/monograph,derived,derived,L-13-23;U-TABLE-shapiro-2000-13-23,2026-09-26T00:00:00Z,audited,Bounds are best found in the audited sources and stated elementary closure; global literature completeness is not claimed.
C,13,24,32,48,false,dugger-isaksen-2007,shapiro-2000,Hopf-Stiefel,published construction,peer-reviewed journal,scholarly book/monograph,derived,derived,L-13-24;U-TABLE-shapiro-2000-13-24,2026-09-26T00:00:00Z,audited,Bounds are best found in the audited sources and stated elementary closure; global literature completeness is not claimed.
C,13,25,32,48,false,dugger-isaksen-2007,shapiro-2000,Hopf-Stiefel,published construction,peer-reviewed journal,scholarly book/monograph,derived,derived,L-13-25;U-TABLE-shapiro-2000-13-25,2026-09-26T00:00:00Z,audited,Bounds are best found in the audited sources and stated elementary closure; global literature completeness is not claimed.
C,13,26,32,48,false,dugger-isaksen-2007,shapiro-2000,Hopf-Stiefel,published construction,peer-reviewed journal,scholarly book/monograph,derived,derived,L-13-26;U-TABLE-shapiro-2000-13-26,2026-09-26T00:00:00Z,audited,Bounds are best found in the audited sources and stated elementary closure; global literature completeness is not claimed.
C,13,27,32,48,false,dugger-isaksen-2007,shapiro-2000,Hopf-Stiefel,published construction,peer-reviewed journal,scholarly book/monograph,derived,derived,L-13-27;U-TABLE-shapiro-2000-13-27,2026-09-26T00:00:00Z,audited,Bounds are best found in the audited sources and stated elementary closure; global literature completeness is not claimed.
C,13,28,32,58,false,dugger-isaksen-2007,shapiro-2000,Hopf-Stiefel,published construction,peer-reviewed journal,scholarly book/monograph,derived,derived,L-13-28;U-TABLE-shapiro-2000-13-28,2026-09-26T00:00:00Z,audited,Bounds are best found in the audited sources and stated elementary closure; global literature completeness is not claimed.
C,13,29,33,58,false,xie-2014,shapiro-2000,Hermitian K-theory,published construction,peer-reviewed journal,scholarly book/monograph,derived,derived,L-13-29;U-TABLE-shapiro-2000-13-29,2026-09-26T00:00:00Z,audited,Bounds are best found in the audited sources and stated elementary closure; global literature completeness is not claimed.
C,13,30,34,58,false,xie-2014,shapiro-2000,Hermitian K-theory,published construction,peer-reviewed journal,scholarly book/monograph,derived,derived,L-13-30;U-TABLE-shapiro-2000-13-30,2026-09-26T00:00:00Z,audited,Bounds are best found in the audited sources and stated elementary closure; global literature completeness is not claimed.
C,13,31,35,58,false,xie-2014,shapiro-2000,Hermitian K-theory,published construction,peer-reviewed journal,scholarly book/monograph,derived,derived,L-13-31;U-TABLE-shapiro-2000-13-31,2026-09-26T00:00:00Z,audited,Bounds are best found in the audited sources and stated elementary closure; global literature completeness is not claimed.
C,13,32,36,58,false,xie-2014,shapiro-2000,Hermitian K-theory,published construction,peer-reviewed journal,scholarly book/monograph,derived,derived,L-13-32;U-TABLE-shapiro-2000-13-32,2026-09-26T00:00:00Z,audited,Bounds are best found in the audited sources and stated elementary closure; global literature completeness is not claimed.
C,14,14,23,32,false,shapiro-2000,smith-yiu-1992,nonsingular-map obstruction,published construction,scholarly book/monograph,peer-reviewed journal,derived,derived,L-14-14;U-TABLE-smith-yiu-1992-14-14,2026-09-26T00:00:00Z,audited,Bounds are best found in the audited sources and stated elementary closure; global literature completeness is not claimed.
C,14,15,23,32,false,shapiro-2000,smith-yiu-1992,nonsingular-map obstruction,published construction,scholarly book/monograph,peer-reviewed journal,derived,derived,L-14-15;U-TABLE-smith-yiu-1992-14-15,2026-09-26T00:00:00Z,audited,Bounds are best found in the audited sources and stated elementary closure; global literature completeness is not claimed.
C,14,16,23,32,false,shapiro-2000,smith-yiu-1992,nonsingular-map obstruction,published construction,scholarly book/monograph,peer-reviewed journal,derived,derived,L-14-16;U-TABLE-smith-yiu-1992-14-16,2026-09-26T00:00:00Z,audited,Bounds are best found in the audited sources and stated elementary closure; global literature completeness is not claimed.
C,14,17,30,32,false,dugger-isaksen-2007,shapiro-2000,Hopf-Stiefel,published construction,peer-reviewed journal,scholarly book/monograph,derived,derived,L-14-17;U-TABLE-shapiro-2000-14-17,2026-09-26T00:00:00Z,audited,Bounds are best found in the audited sources and stated elementary closure; global literature completeness is not claimed.
C,14,18,30,32,false,dugger-isaksen-2007,shapiro-2000,Hopf-Stiefel,published construction,peer-reviewed journal,scholarly book/monograph,derived,derived,L-14-18;U-TABLE-shapiro-2000-14-18,2026-09-26T00:00:00Z,audited,Bounds are best found in the audited sources and stated elementary closure; global literature completeness is not claimed.
C,14,19,32,43,false,dugger-isaksen-2007,shapiro-2000,Hopf-Stiefel,published construction,peer-reviewed journal,scholarly book/monograph,derived,derived,L-14-19;U-TABLE-shapiro-2000-14-19,2026-09-26T00:00:00Z,audited,Bounds are best found in the audited sources and stated elementary closure; global literature completeness is not claimed.
C,14,20,32,44,false,dugger-isaksen-2007,shapiro-2000,Hopf-Stiefel,published construction,peer-reviewed journal,scholarly book/monograph,derived,derived,L-14-20;U-TABLE-shapiro-2000-14-20,2026-09-26T00:00:00Z,audited,Bounds are best found in the audited sources and stated elementary closure; global literature completeness is not claimed.
C,14,21,32,46,false,dugger-isaksen-2007,shapiro-2000,Hopf-Stiefel,published construction,peer-reviewed journal,scholarly book/monograph,derived,derived,L-14-21;U-TABLE-shapiro-2000-14-21,2026-09-26T00:00:00Z,audited,Bounds are best found in the audited sources and stated elementary closure; global literature completeness is not claimed.
C,14,22,32,48,false,dugger-isaksen-2007,shapiro-2000,Hopf-Stiefel,published construction,peer-reviewed journal,scholarly book/monograph,derived,derived,L-14-22;U-TABLE-shapiro-2000-14-22,2026-09-26T00:00:00Z,audited,Bounds are best found in the audited sources and stated elementary closure; global literature completeness is not claimed.
C,14,23,32,48,false,dugger-isaksen-2007,shapiro-2000,Hopf-Stiefel,published construction,peer-reviewed journal,scholarly book/monograph,derived,derived,L-14-23;U-TABLE-shapiro-2000-14-23,2026-09-26T00:00:00Z,audited,Bounds are best found in the audited sources and stated elementary closure; global literature completeness is not claimed.
C,14,24,32,48,false,dugger-isaksen-2007,shapiro-2000,Hopf-Stiefel,published construction,peer-reviewed journal,scholarly book/monograph,derived,derived,L-14-24;U-TABLE-shapiro-2000-14-24,2026-09-26T00:00:00Z,audited,Bounds are best found in the audited sources and stated elementary closure; global literature completeness is not claimed.
C,14,25,32,48,false,dugger-isaksen-2007,shapiro-2000,Hopf-Stiefel,published construction,peer-reviewed journal,scholarly book/monograph,derived,derived,L-14-25;U-TABLE-shapiro-2000-14-25,2026-09-26T00:00:00Z,audited,Bounds are best found in the audited sources and stated elementary closure; global literature completeness is not claimed.
C,14,26,32,48,false,dugger-isaksen-2007,shapiro-2000,Hopf-Stiefel,published construction,peer-reviewed journal,scholarly book/monograph,derived,derived,L-14-26;U-TABLE-shapiro-2000-14-26,2026-09-26T00:00:00Z,audited,Bounds are best found in the audited sources and stated elementary closure; global literature completeness is not claimed.
C,14,27,32,48,false,dugger-isaksen-2007,shapiro-2000,Hopf-Stiefel,published construction,peer-reviewed journal,scholarly book/monograph,derived,derived,L-14-27;U-TABLE-shapiro-2000-14-27,2026-09-26T00:00:00Z,audited,Bounds are best found in the audited sources and stated elementary closure; global literature completeness is not claimed.
C,14,28,32,58,false,dugger-isaksen-2007,shapiro-2000,Hopf-Stiefel,published construction,peer-reviewed journal,scholarly book/monograph,derived,derived,L-14-28;U-TABLE-shapiro-2000-14-28,2026-09-26T00:00:00Z,audited,Bounds are best found in the audited sources and stated elementary closure; global literature completeness is not claimed.
C,14,29,33,58,false,xie-2014,shapiro-2000,Hermitian K-theory,published construction,peer-reviewed journal,scholarly book/monograph,derived,derived,L-14-29;U-TABLE-shapiro-2000-14-29,2026-09-26T00:00:00Z,audited,Bounds are best found in the audited sources and stated elementary closure; global literature completeness is not claimed.
C,14,30,34,58,false,xie-2014,shapiro-2000,Hermitian K-theory,published construction,peer-reviewed journal,scholarly book/monograph,derived,derived,L-14-30;U-TABLE-shapiro-2000-14-30,2026-09-26T00:00:00Z,audited,Bounds are best found in the audited sources and stated elementary closure; global literature completeness is not claimed.
C,14,31,35,58,false,xie-2014,shapiro-2000,Hermitian K-theory,published construction,peer-reviewed journal,scholarly book/monograph,derived,derived,L-14-31;U-TABLE-shapiro-2000-14-31,2026-09-26T00:00:00Z,audited,Bounds are best found in the audited sources and stated elementary closure; global literature completeness is not claimed.
C,14,32,36,58,false,xie-2014,shapiro-2000,Hermitian K-theory,published construction,peer-reviewed journal,scholarly book/monograph,derived,derived,L-14-32;U-TABLE-shapiro-2000-14-32,2026-09-26T00:00:00Z,audited,Bounds are best found in the audited sources and stated elementary closure; global literature completeness is not claimed.
C,15,15,23,32,false,shapiro-2000,smith-yiu-1992,nonsingular-map obstruction,published construction,scholarly book/monograph,peer-reviewed journal,derived,derived,L-15-15;U-TABLE-smith-yiu-1992-15-15,2026-09-26T00:00:00Z,audited,Bounds are best found in the audited sources and stated elementary closure; global literature completeness is not claimed.
C,15,16,23,32,false,shapiro-2000,smith-yiu-1992,nonsingular-map obstruction,published construction,scholarly book/monograph,peer-reviewed journal,derived,derived,L-15-16;U-TABLE-smith-yiu-1992-15-16,2026-09-26T00:00:00Z,audited,Bounds are best found in the audited sources and stated elementary closure; global literature completeness is not claimed.
C,15,17,31,32,false,dugger-isaksen-2007,shapiro-2000,Hopf-Stiefel,published construction,peer-reviewed journal,scholarly book/monograph,derived,derived,L-15-17;U-TABLE-shapiro-2000-15-17,2026-09-26T00:00:00Z,audited,Bounds are best found in the audited sources and stated elementary closure; global literature completeness is not claimed.
C,15,18,32,32,true,dugger-isaksen-2007,shapiro-2000,Hopf-Stiefel,published construction,peer-reviewed journal,scholarly book/monograph,derived,derived,L-15-18;U-TABLE-shapiro-2000-15-18,2026-09-26T00:00:00Z,audited,Bounds are best found in the audited sources and stated elementary closure; global literature completeness is not claimed.
C,15,19,32,44,false,dugger-isaksen-2007,shapiro-2000,Hopf-Stiefel,published construction,peer-reviewed journal,scholarly book/monograph,derived,derived,L-15-19;U-TABLE-shapiro-2000-15-19,2026-09-26T00:00:00Z,audited,Bounds are best found in the audited sources and stated elementary closure; global literature completeness is not claimed.
C,15,20,32,46,false,dugger-isaksen-2007,shapiro-2000,Hopf-Stiefel,published construction,peer-reviewed journal,scholarly book/monograph,derived,derived,L-15-20;U-TABLE-shapiro-2000-15-20,2026-09-26T00:00:00Z,audited,Bounds are best found in the audited sources and stated elementary closure; global literature completeness is not claimed.
C,15,21,32,46,false,dugger-isaksen-2007,smith-yiu-1992;zhang-zhu-2026,Hopf-Stiefel,direct sum,peer-reviewed journal,peer-reviewed journal;public preprint,derived,derived,L-15-21;U-D0015,2026-09-26T00:00:00Z,audited,Bounds are best found in the audited sources and stated elementary closure; global literature completeness is not claimed.
C,15,22,32,48,false,dugger-isaksen-2007,shapiro-2000,Hopf-Stiefel,published construction,peer-reviewed journal,scholarly book/monograph,derived,derived,L-15-22;U-TABLE-shapiro-2000-15-22,2026-09-26T00:00:00Z,audited,Bounds are best found in the audited sources and stated elementary closure; global literature completeness is not claimed.
C,15,23,32,48,false,dugger-isaksen-2007,shapiro-2000,Hopf-Stiefel,published construction,peer-reviewed journal,scholarly book/monograph,derived,derived,L-15-23;U-TABLE-shapiro-2000-15-23,2026-09-26T00:00:00Z,audited,Bounds are best found in the audited sources and stated elementary closure; global literature completeness is not claimed.
C,15,24,32,48,false,dugger-isaksen-2007,shapiro-2000,Hopf-Stiefel,published construction,peer-reviewed journal,scholarly book/monograph,derived,derived,L-15-24;U-TABLE-shapiro-2000-15-24,2026-09-26T00:00:00Z,audited,Bounds are best found in the audited sources and stated elementary closure; global literature completeness is not claimed.
C,15,25,32,48,false,dugger-isaksen-2007,shapiro-2000,Hopf-Stiefel,published construction,peer-reviewed journal,scholarly book/monograph,derived,derived,L-15-25;U-TABLE-shapiro-2000-15-25,2026-09-26T00:00:00Z,audited,Bounds are best found in the audited sources and stated elementary closure; global literature completeness is not claimed.
C,15,26,32,48,false,dugger-isaksen-2007,shapiro-2000,Hopf-Stiefel,published construction,peer-reviewed journal,scholarly book/monograph,derived,derived,L-15-26;U-TABLE-shapiro-2000-15-26,2026-09-26T00:00:00Z,audited,Bounds are best found in the audited sources and stated elementary closure; global literature completeness is not claimed.
C,15,27,32,48,false,dugger-isaksen-2007,shapiro-2000,Hopf-Stiefel,published construction,peer-reviewed journal,scholarly book/monograph,derived,derived,L-15-27;U-TABLE-shapiro-2000-15-27,2026-09-26T00:00:00Z,audited,Bounds are best found in the audited sources and stated elementary closure; global literature completeness is not claimed.
C,15,28,32,60,false,dugger-isaksen-2007,shapiro-2000,Hopf-Stiefel,published construction,peer-reviewed journal,scholarly book/monograph,derived,derived,L-15-28;U-TABLE-shapiro-2000-15-28,2026-09-26T00:00:00Z,audited,Bounds are best found in the audited sources and stated elementary closure; global literature completeness is not claimed.
C,15,29,33,62,false,xie-2014,shapiro-2000,Hermitian K-theory,published construction,peer-reviewed journal,scholarly book/monograph,derived,derived,L-15-29;U-TABLE-shapiro-2000-15-29,2026-09-26T00:00:00Z,audited,Bounds are best found in the audited sources and stated elementary closure; global literature completeness is not claimed.
C,15,30,34,62,false,xie-2014,smith-yiu-1992;zhang-zhu-2026,Hermitian K-theory,direct sum,peer-reviewed journal,peer-reviewed journal;public preprint,derived,derived,L-15-30;U-D0031,2026-09-26T00:00:00Z,audited,Bounds are best found in the audited sources and stated elementary closure; global literature completeness is not claimed.
C,15,31,35,64,false,xie-2014,shapiro-2000,Hermitian K-theory,published construction,peer-reviewed journal,scholarly book/monograph,derived,derived,L-15-31;U-TABLE-shapiro-2000-15-31,2026-09-26T00:00:00Z,audited,Bounds are best found in the audited sources and stated elementary closure; global literature completeness is not claimed.
C,15,32,36,64,false,xie-2014,shapiro-2000,Hermitian K-theory,published construction,peer-reviewed journal,scholarly book/monograph,derived,derived,L-15-32;U-TABLE-shapiro-2000-15-32,2026-09-26T00:00:00Z,audited,Bounds are best found in the audited sources and stated elementary closure; global literature completeness is not claimed.
C,16,16,23,32,false,shapiro-2000,smith-yiu-1992,nonsingular-map obstruction,published construction,scholarly book/monograph,peer-reviewed journal,derived,derived,L-16-16;U-TABLE-smith-yiu-1992-16-16,2026-09-26T00:00:00Z,audited,Bounds are best found in the audited sources and stated elementary closure; global literature completeness is not claimed.
C,16,17,32,32,true,dugger-isaksen-2007,shapiro-2000,Hopf-Stiefel,published construction,peer-reviewed journal,scholarly book/monograph,derived,derived,L-16-17;U-TABLE-shapiro-2000-16-17,2026-09-26T00:00:00Z,audited,Bounds are best found in the audited sources and stated elementary closure; global literature completeness is not claimed.
C,16,18,32,32,true,dugger-isaksen-2007,shapiro-2000,Hopf-Stiefel,published construction,peer-reviewed journal,scholarly book/monograph,derived,derived,L-16-18;U-TABLE-shapiro-2000-16-18,2026-09-26T00:00:00Z,audited,Bounds are best found in the audited sources and stated elementary closure; global literature completeness is not claimed.
C,16,19,32,44,false,dugger-isaksen-2007,shapiro-2000,Hopf-Stiefel,published construction,peer-reviewed journal,scholarly book/monograph,derived,derived,L-16-19;U-TABLE-shapiro-2000-16-19,2026-09-26T00:00:00Z,audited,Bounds are best found in the audited sources and stated elementary closure; global literature completeness is not claimed.
C,16,20,32,46,false,dugger-isaksen-2007,shapiro-2000,Hopf-Stiefel,published construction,peer-reviewed journal,scholarly book/monograph,derived,derived,L-16-20;U-TABLE-shapiro-2000-16-20,2026-09-26T00:00:00Z,audited,Bounds are best found in the audited sources and stated elementary closure; global literature completeness is not claimed.
C,16,21,32,46,false,dugger-isaksen-2007,smith-yiu-1992;zhang-zhu-2026,Hopf-Stiefel,direct sum,peer-reviewed journal,peer-reviewed journal;public preprint,derived,derived,L-16-21;U-D0018,2026-09-26T00:00:00Z,audited,Bounds are best found in the audited sources and stated elementary closure; global literature completeness is not claimed.
C,16,22,32,48,false,dugger-isaksen-2007,shapiro-2000,Hopf-Stiefel,published construction,peer-reviewed journal,scholarly book/monograph,derived,derived,L-16-22;U-TABLE-shapiro-2000-16-22,2026-09-26T00:00:00Z,audited,Bounds are best found in the audited sources and stated elementary closure; global literature completeness is not claimed.
C,16,23,32,48,false,dugger-isaksen-2007,shapiro-2000,Hopf-Stiefel,published construction,peer-reviewed journal,scholarly book/monograph,derived,derived,L-16-23;U-TABLE-shapiro-2000-16-23,2026-09-26T00:00:00Z,audited,Bounds are best found in the audited sources and stated elementary closure; global literature completeness is not claimed.
C,16,24,32,48,false,dugger-isaksen-2007,shapiro-2000,Hopf-Stiefel,published construction,peer-reviewed journal,scholarly book/monograph,derived,derived,L-16-24;U-TABLE-shapiro-2000-16-24,2026-09-26T00:00:00Z,audited,Bounds are best found in the audited sources and stated elementary closure; global literature completeness is not claimed.
C,16,25,32,48,false,dugger-isaksen-2007,shapiro-2000,Hopf-Stiefel,published construction,peer-reviewed journal,scholarly book/monograph,derived,derived,L-16-25;U-TABLE-shapiro-2000-16-25,2026-09-26T00:00:00Z,audited,Bounds are best found in the audited sources and stated elementary closure; global literature completeness is not claimed.
C,16,26,32,48,false,dugger-isaksen-2007,shapiro-2000,Hopf-Stiefel,published construction,peer-reviewed journal,scholarly book/monograph,derived,derived,L-16-26;U-TABLE-shapiro-2000-16-26,2026-09-26T00:00:00Z,audited,Bounds are best found in the audited sources and stated elementary closure; global literature completeness is not claimed.
C,16,27,32,48,false,dugger-isaksen-2007,shapiro-2000,Hopf-Stiefel,published construction,peer-reviewed journal,scholarly book/monograph,derived,derived,L-16-27;U-TABLE-shapiro-2000-16-27,2026-09-26T00:00:00Z,audited,Bounds are best found in the audited sources and stated elementary closure; global literature completeness is not claimed.
C,16,28,32,60,false,dugger-isaksen-2007,shapiro-2000,Hopf-Stiefel,published construction,peer-reviewed journal,scholarly book/monograph,derived,derived,L-16-28;U-TABLE-shapiro-2000-16-28,2026-09-26T00:00:00Z,audited,Bounds are best found in the audited sources and stated elementary closure; global literature completeness is not claimed.
C,16,29,33,62,false,xie-2014,shapiro-2000,Hermitian K-theory,published construction,peer-reviewed journal,scholarly book/monograph,derived,derived,L-16-29;U-TABLE-shapiro-2000-16-29,2026-09-26T00:00:00Z,audited,Bounds are best found in the audited sources and stated elementary closure; global literature completeness is not claimed.
C,16,30,34,62,false,xie-2014,smith-yiu-1992;zhang-zhu-2026,Hermitian K-theory,direct sum,peer-reviewed journal,peer-reviewed journal;public preprint,derived,derived,L-16-30;U-D0033,2026-09-26T00:00:00Z,audited,Bounds are best found in the audited sources and stated elementary closure; global literature completeness is not claimed.
C,16,31,35,64,false,xie-2014,shapiro-2000,Hermitian K-theory,published construction,peer-reviewed journal,scholarly book/monograph,derived,derived,L-16-31;U-TABLE-shapiro-2000-16-31,2026-09-26T00:00:00Z,audited,Bounds are best found in the audited sources and stated elementary closure; global literature completeness is not claimed.
C,16,32,36,64,false,xie-2014,shapiro-2000,Hermitian K-theory,published construction,peer-reviewed journal,scholarly book/monograph,derived,derived,L-16-32;U-TABLE-shapiro-2000-16-32,2026-09-26T00:00:00Z,audited,Bounds are best found in the audited sources and stated elementary closure; global literature completeness is not claimed.
C,17,17,32,32,true,dugger-isaksen-2007,shapiro-2000,Hopf-Stiefel,published construction,peer-reviewed journal,scholarly book/monograph,derived,derived,L-17-17;U-TABLE-shapiro-2000-17-17,2026-09-26T00:00:00Z,audited,Bounds are best found in the audited sources and stated elementary closure; global literature completeness is not claimed.
C,17,18,32,32,true,dugger-isaksen-2007,shapiro-2000,Hopf-Stiefel,published construction,peer-reviewed journal,scholarly book/monograph,derived,derived,L-17-18;U-TABLE-shapiro-2000-17-18,2026-09-26T00:00:00Z,audited,Bounds are best found in the audited sources and stated elementary closure; global literature completeness is not claimed.
C,17,19,32,49,false,dugger-isaksen-2007,shapiro-2000,Hopf-Stiefel,published construction,peer-reviewed journal,scholarly book/monograph,derived,derived,L-17-19;U-TABLE-shapiro-2000-17-19,2026-09-26T00:00:00Z,audited,Bounds are best found in the audited sources and stated elementary closure; global literature completeness is not claimed.
C,17,20,32,50,false,dugger-isaksen-2007,shapiro-2000,Hopf-Stiefel,published construction,peer-reviewed journal,scholarly book/monograph,derived,derived,L-17-20;U-TABLE-shapiro-2000-17-20,2026-09-26T00:00:00Z,audited,Bounds are best found in the audited sources and stated elementary closure; global literature completeness is not claimed.
C,17,21,32,51,false,dugger-isaksen-2007,shapiro-2000,Hopf-Stiefel,published construction,peer-reviewed journal,scholarly book/monograph,derived,derived,L-17-21;U-TABLE-shapiro-2000-17-21,2026-09-26T00:00:00Z,audited,Bounds are best found in the audited sources and stated elementary closure; global literature completeness is not claimed.
C,17,22,32,52,false,dugger-isaksen-2007,shapiro-2000,Hopf-Stiefel,published construction,peer-reviewed journal,scholarly book/monograph,derived,derived,L-17-22;U-TABLE-shapiro-2000-17-22,2026-09-26T00:00:00Z,audited,Bounds are best found in the audited sources and stated elementary closure; global literature completeness is not claimed.
C,17,23,32,53,false,dugger-isaksen-2007,shapiro-2000,Hopf-Stiefel,published construction,peer-reviewed journal,scholarly book/monograph,derived,derived,L-17-23;U-TABLE-shapiro-2000-17-23,2026-09-26T00:00:00Z,audited,Bounds are best found in the audited sources and stated elementary closure; global literature completeness is not claimed.
C,17,24,32,54,false,dugger-isaksen-2007,shapiro-2000,Hopf-Stiefel,published construction,peer-reviewed journal,scholarly book/monograph,derived,derived,L-17-24;U-TABLE-shapiro-2000-17-24,2026-09-26T00:00:00Z,audited,Bounds are best found in the audited sources and stated elementary closure; global literature completeness is not claimed.
C,17,25,32,55,false,dugger-isaksen-2007,shapiro-2000,Hopf-Stiefel,published construction,peer-reviewed journal,scholarly book/monograph,derived,derived,L-17-25;U-TABLE-shapiro-2000-17-25,2026-09-26T00:00:00Z,audited,Bounds are best found in the audited sources and stated elementary closure; global literature completeness is not claimed.
C,17,26,32,56,false,dugger-isaksen-2007,shapiro-2000,Hopf-Stiefel,published construction,peer-reviewed journal,scholarly book/monograph,derived,derived,L-17-26;U-TABLE-shapiro-2000-17-26,2026-09-26T00:00:00Z,audited,Bounds are best found in the audited sources and stated elementary closure; global literature completeness is not claimed.
C,17,27,32,57,false,dugger-isaksen-2007,shapiro-2000,Hopf-Stiefel,published construction,peer-reviewed journal,scholarly book/monograph,derived,derived,L-17-27;U-TABLE-shapiro-2000-17-27,2026-09-26T00:00:00Z,audited,Bounds are best found in the audited sources and stated elementary closure; global literature completeness is not claimed.
C,17,28,32,61,false,dugger-isaksen-2007,shapiro-2000,Hopf-Stiefel,published construction,peer-reviewed journal,scholarly book/monograph,derived,derived,L-17-28;U-TABLE-shapiro-2000-17-28,2026-09-26T00:00:00Z,audited,Bounds are best found in the audited sources and stated elementary closure; global literature completeness is not claimed.
C,17,29,34,64,false,xie-2014,shapiro-2000,Hermitian K-theory,published construction,peer-reviewed journal,scholarly book/monograph,derived,derived,L-17-29;U-TABLE-shapiro-2000-17-29,2026-09-26T00:00:00Z,audited,Bounds are best found in the audited sources and stated elementary closure; global literature completeness is not claimed.
C,17,30,34,64,false,xie-2014,shapiro-2000,Hermitian K-theory,published construction,peer-reviewed journal,scholarly book/monograph,derived,derived,L-17-30;U-TABLE-shapiro-2000-17-30,2026-09-26T00:00:00Z,audited,Bounds are best found in the audited sources and stated elementary closure; global literature completeness is not claimed.
C,17,31,36,64,false,xie-2014,shapiro-2000,Hermitian K-theory,published construction,peer-reviewed journal,scholarly book/monograph,derived,derived,L-17-31;U-TABLE-shapiro-2000-17-31,2026-09-26T00:00:00Z,audited,Bounds are best found in the audited sources and stated elementary closure; global literature completeness is not claimed.
C,17,32,36,64,false,xie-2014,shapiro-2000,Hermitian K-theory,published construction,peer-reviewed journal,scholarly book/monograph,derived,derived,L-17-32;U-TABLE-shapiro-2000-17-32,2026-09-26T00:00:00Z,audited,Bounds are best found in the audited sources and stated elementary closure; global literature completeness is not claimed.
C,18,18,32,50,false,dugger-isaksen-2007,shapiro-2000,Hopf-Stiefel,published construction,peer-reviewed journal,scholarly book/monograph,derived,derived,L-18-18;U-TABLE-shapiro-2000-18-18,2026-09-26T00:00:00Z,audited,Bounds are best found in the audited sources and stated elementary closure; global literature completeness is not claimed.
C,18,19,32,50,false,dugger-isaksen-2007,shapiro-2000,Hopf-Stiefel,published construction,peer-reviewed journal,scholarly book/monograph,derived,derived,L-18-19;U-TABLE-shapiro-2000-18-19,2026-09-26T00:00:00Z,audited,Bounds are best found in the audited sources and stated elementary closure; global literature completeness is not claimed.
C,18,20,32,52,false,dugger-isaksen-2007,shapiro-2000,Hopf-Stiefel,published construction,peer-reviewed journal,scholarly book/monograph,derived,derived,L-18-20;U-TABLE-shapiro-2000-18-20,2026-09-26T00:00:00Z,audited,Bounds are best found in the audited sources and stated elementary closure; global literature completeness is not claimed.
C,18,21,32,52,false,dugger-isaksen-2007,shapiro-2000,Hopf-Stiefel,published construction,peer-reviewed journal,scholarly book/monograph,derived,derived,L-18-21;U-TABLE-shapiro-2000-18-21,2026-09-26T00:00:00Z,audited,Bounds are best found in the audited sources and stated elementary closure; global literature completeness is not claimed.
C,18,22,32,54,false,dugger-isaksen-2007,shapiro-2000,Hopf-Stiefel,published construction,peer-reviewed journal,scholarly book/monograph,derived,derived,L-18-22;U-TABLE-shapiro-2000-18-22,2026-09-26T00:00:00Z,audited,Bounds are best found in the audited sources and stated elementary closure; global literature completeness is not claimed.
C,18,23,32,54,false,dugger-isaksen-2007,shapiro-2000,Hopf-Stiefel,published construction,peer-reviewed journal,scholarly book/monograph,derived,derived,L-18-23;U-TABLE-shapiro-2000-18-23,2026-09-26T00:00:00Z,audited,Bounds are best found in the audited sources and stated elementary closure; global literature completeness is not claimed.
C,18,24,32,56,false,dugger-isaksen-2007,shapiro-2000,Hopf-Stiefel,published construction,peer-reviewed journal,scholarly book/monograph,derived,derived,L-18-24;U-TABLE-shapiro-2000-18-24,2026-09-26T00:00:00Z,audited,Bounds are best found in the audited sources and stated elementary closure; global literature completeness is not claimed.
C,18,25,32,56,false,dugger-isaksen-2007,shapiro-2000,Hopf-Stiefel,published construction,peer-reviewed journal,scholarly book/monograph,derived,derived,L-18-25;U-TABLE-shapiro-2000-18-25,2026-09-26T00:00:00Z,audited,Bounds are best found in the audited sources and stated elementary closure; global literature completeness is not claimed.
C,18,26,32,57,false,dugger-isaksen-2007,shapiro-2000,Hopf-Stiefel,published construction,peer-reviewed journal,scholarly book/monograph,derived,derived,L-18-26;U-TABLE-shapiro-2000-18-26,2026-09-26T00:00:00Z,audited,Bounds are best found in the audited sources and stated elementary closure; global literature completeness is not claimed.
C,18,27,32,57,false,dugger-isaksen-2007,shapiro-2000,Hopf-Stiefel,published construction,peer-reviewed journal,scholarly book/monograph,derived,derived,L-18-27;U-TABLE-shapiro-2000-18-27,2026-09-26T00:00:00Z,audited,Bounds are best found in the audited sources and stated elementary closure; global literature completeness is not claimed.
C,18,28,32,64,false,dugger-isaksen-2007,shapiro-2000,Hopf-Stiefel,published construction,peer-reviewed journal,scholarly book/monograph,derived,derived,L-18-28;U-TABLE-shapiro-2000-18-28,2026-09-26T00:00:00Z,audited,Bounds are best found in the audited sources and stated elementary closure; global literature completeness is not claimed.
C,18,29,35,64,false,xie-2014,shapiro-2000,Hermitian K-theory,published construction,peer-reviewed journal,scholarly book/monograph,derived,derived,L-18-29;U-TABLE-shapiro-2000-18-29,2026-09-26T00:00:00Z,audited,Bounds are best found in the audited sources and stated elementary closure; global literature completeness is not claimed.
C,18,30,36,64,false,xie-2014,shapiro-2000,Hermitian K-theory,published construction,peer-reviewed journal,scholarly book/monograph,derived,derived,L-18-30;U-TABLE-shapiro-2000-18-30,2026-09-26T00:00:00Z,audited,Bounds are best found in the audited sources and stated elementary closure; global literature completeness is not claimed.
C,18,31,36,64,false,xie-2014,shapiro-2000,Hermitian K-theory,published construction,peer-reviewed journal,scholarly book/monograph,derived,derived,L-18-31;U-TABLE-shapiro-2000-18-31,2026-09-26T00:00:00Z,audited,Bounds are best found in the audited sources and stated elementary closure; global literature completeness is not claimed.
C,18,32,36,64,false,xie-2014,shapiro-2000,Hermitian K-theory,published construction,peer-reviewed journal,scholarly book/monograph,derived,derived,L-18-32;U-TABLE-shapiro-2000-18-32,2026-09-26T00:00:00Z,audited,Bounds are best found in the audited sources and stated elementary closure; global literature completeness is not claimed.
C,19,19,32,56,false,dugger-isaksen-2007,shapiro-2000,Hopf-Stiefel,published construction,peer-reviewed journal,scholarly book/monograph,derived,derived,L-19-19;U-TABLE-shapiro-2000-19-19,2026-09-26T00:00:00Z,audited,Bounds are best found in the audited sources and stated elementary closure; global literature completeness is not claimed.
C,19,20,32,56,false,dugger-isaksen-2007,shapiro-2000,Hopf-Stiefel,published construction,peer-reviewed journal,scholarly book/monograph,derived,derived,L-19-20;U-TABLE-shapiro-2000-19-20,2026-09-26T00:00:00Z,audited,Bounds are best found in the audited sources and stated elementary closure; global literature completeness is not claimed.
C,19,21,33,58,false,dugger-isaksen-2008,smith-yiu-1992;zhang-zhu-2026,BP2 obstruction,direct sum,peer-reviewed journal,peer-reviewed journal;public preprint,derived,derived,L-19-21;U-D0019,2026-09-26T00:00:00Z,audited,Bounds are best found in the audited sources and stated elementary closure; global literature completeness is not claimed.
C,19,22,33,60,false,dugger-isaksen-2008,shapiro-2000,BP2 obstruction,published construction,peer-reviewed journal,scholarly book/monograph,derived,derived,L-19-22;U-TABLE-shapiro-2000-19-22,2026-09-26T00:00:00Z,audited,Bounds are best found in the audited sources and stated elementary closure; global literature completeness is not claimed.
C,19,23,35,60,false,dugger-isaksen-2008,shapiro-2000,BP2 obstruction,published construction,peer-reviewed journal,scholarly book/monograph,derived,derived,L-19-23;U-TABLE-shapiro-2000-19-23,2026-09-26T00:00:00Z,audited,Bounds are best found in the audited sources and stated elementary closure; global literature completeness is not claimed.
C,19,24,35,60,false,dugger-isaksen-2008,smith-yiu-1992;zhang-zhu-2026,BP2 obstruction,direct sum,peer-reviewed journal,peer-reviewed journal;public preprint,derived,derived,L-19-24;U-D0027,2026-09-26T00:00:00Z,audited,Bounds are best found in the audited sources and stated elementary closure; global literature completeness is not claimed.
C,19,25,37,64,false,dugger-isaksen-2008,shapiro-2000,BP2 obstruction,published construction,peer-reviewed journal,scholarly book/monograph,derived,derived,L-19-25;U-TABLE-shapiro-2000-19-25,2026-09-26T00:00:00Z,audited,Bounds are best found in the audited sources and stated elementary closure; global literature completeness is not claimed.
C,19,26,37,64,false,dugger-isaksen-2008,shapiro-2000,BP2 obstruction,published construction,peer-reviewed journal,scholarly book/monograph,derived,derived,L-19-26;U-TABLE-shapiro-2000-19-26,2026-09-26T00:00:00Z,audited,Bounds are best found in the audited sources and stated elementary closure; global literature completeness is not claimed.
C,19,27,39,64,false,dugger-isaksen-2008,shapiro-2000,BP2 obstruction,published construction,peer-reviewed journal,scholarly book/monograph,derived,derived,L-19-27;U-TABLE-shapiro-2000-19-27,2026-09-26T00:00:00Z,audited,Bounds are best found in the audited sources and stated elementary closure; global literature completeness is not claimed.
C,19,28,39,64,false,dugger-isaksen-2008,shapiro-2000,BP2 obstruction,published construction,peer-reviewed journal,scholarly book/monograph,derived,derived,L-19-28;U-TABLE-shapiro-2000-19-28,2026-09-26T00:00:00Z,audited,Bounds are best found in the audited sources and stated elementary closure; global literature completeness is not claimed.
C,19,29,41,64,false,dugger-isaksen-2008,shapiro-2000,BP2 obstruction,published construction,peer-reviewed journal,scholarly book/monograph,derived,derived,L-19-29;U-TABLE-shapiro-2000-19-29,2026-09-26T00:00:00Z,audited,Bounds are best found in the audited sources and stated elementary closure; global literature completeness is not claimed.
C,19,30,41,64,false,dugger-isaksen-2008,shapiro-2000,BP2 obstruction,published construction,peer-reviewed journal,scholarly book/monograph,derived,derived,L-19-30;U-TABLE-shapiro-2000-19-30,2026-09-26T00:00:00Z,audited,Bounds are best found in the audited sources and stated elementary closure; global literature completeness is not claimed.
C,19,31,43,64,false,dugger-isaksen-2008,shapiro-2000,BP2 obstruction,published construction,peer-reviewed journal,scholarly book/monograph,derived,derived,L-19-31;U-TABLE-shapiro-2000-19-31,2026-09-26T00:00:00Z,audited,Bounds are best found in the audited sources and stated elementary closure; global literature completeness is not claimed.
C,19,32,43,64,false,dugger-isaksen-2008,shapiro-2000,BP2 obstruction,published construction,peer-reviewed journal,scholarly book/monograph,derived,derived,L-19-32;U-TABLE-shapiro-2000-19-32,2026-09-26T00:00:00Z,audited,Bounds are best found in the audited sources and stated elementary closure; global literature completeness is not claimed.
C,20,20,32,56,false,dugger-isaksen-2007,shapiro-2000,Hopf-Stiefel,published construction,peer-reviewed journal,scholarly book/monograph,derived,derived,L-20-20;U-TABLE-shapiro-2000-20-20,2026-09-26T00:00:00Z,audited,Bounds are best found in the audited sources and stated elementary closure; global literature completeness is not claimed.
C,20,21,33,58,false,dugger-isaksen-2008,smith-yiu-1992;zhang-zhu-2026,BP2 obstruction,direct sum,peer-reviewed journal,peer-reviewed journal;public preprint,derived,derived,L-20-21;U-D0021,2026-09-26T00:00:00Z,audited,Bounds are best found in the audited sources and stated elementary closure; global literature completeness is not claimed.
C,20,22,33,60,false,dugger-isaksen-2008,shapiro-2000,BP2 obstruction,published construction,peer-reviewed journal,scholarly book/monograph,derived,derived,L-20-22;U-TABLE-shapiro-2000-20-22,2026-09-26T00:00:00Z,audited,Bounds are best found in the audited sources and stated elementary closure; global literature completeness is not claimed.
C,20,23,35,60,false,dugger-isaksen-2008,shapiro-2000,BP2 obstruction,published construction,peer-reviewed journal,scholarly book/monograph,derived,derived,L-20-23;U-TABLE-shapiro-2000-20-23,2026-09-26T00:00:00Z,audited,Bounds are best found in the audited sources and stated elementary closure; global literature completeness is not claimed.
C,20,24,35,60,false,dugger-isaksen-2008,smith-yiu-1992;zhang-zhu-2026,BP2 obstruction,direct sum,peer-reviewed journal,peer-reviewed journal;public preprint,derived,derived,L-20-24;U-D0029,2026-09-26T00:00:00Z,audited,Bounds are best found in the audited sources and stated elementary closure; global literature completeness is not claimed.
C,20,25,37,64,false,dugger-isaksen-2008,shapiro-2000,BP2 obstruction,published construction,peer-reviewed journal,scholarly book/monograph,derived,derived,L-20-25;U-TABLE-shapiro-2000-20-25,2026-09-26T00:00:00Z,audited,Bounds are best found in the audited sources and stated elementary closure; global literature completeness is not claimed.
C,20,26,37,64,false,dugger-isaksen-2008,shapiro-2000,BP2 obstruction,published construction,peer-reviewed journal,scholarly book/monograph,derived,derived,L-20-26;U-TABLE-shapiro-2000-20-26,2026-09-26T00:00:00Z,audited,Bounds are best found in the audited sources and stated elementary closure; global literature completeness is not claimed.
C,20,27,39,64,false,dugger-isaksen-2008,shapiro-2000,BP2 obstruction,published construction,peer-reviewed journal,scholarly book/monograph,derived,derived,L-20-27;U-TABLE-shapiro-2000-20-27,2026-09-26T00:00:00Z,audited,Bounds are best found in the audited sources and stated elementary closure; global literature completeness is not claimed.
C,20,28,39,64,false,dugger-isaksen-2008,shapiro-2000,BP2 obstruction,published construction,peer-reviewed journal,scholarly book/monograph,derived,derived,L-20-28;U-TABLE-shapiro-2000-20-28,2026-09-26T00:00:00Z,audited,Bounds are best found in the audited sources and stated elementary closure; global literature completeness is not claimed.
C,20,29,41,64,false,dugger-isaksen-2008,shapiro-2000,BP2 obstruction,published construction,peer-reviewed journal,scholarly book/monograph,derived,derived,L-20-29;U-TABLE-shapiro-2000-20-29,2026-09-26T00:00:00Z,audited,Bounds are best found in the audited sources and stated elementary closure; global literature completeness is not claimed.
C,20,30,41,64,false,dugger-isaksen-2008,shapiro-2000,BP2 obstruction,published construction,peer-reviewed journal,scholarly book/monograph,derived,derived,L-20-30;U-TABLE-shapiro-2000-20-30,2026-09-26T00:00:00Z,audited,Bounds are best found in the audited sources and stated elementary closure; global literature completeness is not claimed.
C,20,31,43,64,false,dugger-isaksen-2008,shapiro-2000,BP2 obstruction,published construction,peer-reviewed journal,scholarly book/monograph,derived,derived,L-20-31;U-TABLE-shapiro-2000-20-31,2026-09-26T00:00:00Z,audited,Bounds are best found in the audited sources and stated elementary closure; global literature completeness is not claimed.
C,20,32,43,64,false,dugger-isaksen-2008,shapiro-2000,BP2 obstruction,published construction,peer-reviewed journal,scholarly book/monograph,derived,derived,L-20-32;U-TABLE-shapiro-2000-20-32,2026-09-26T00:00:00Z,audited,Bounds are best found in the audited sources and stated elementary closure; global literature completeness is not claimed.
C,21,21,33,63,false,dugger-isaksen-2008,smith-yiu-1992;zhang-zhu-2026,BP2 obstruction,direct sum,peer-reviewed journal,peer-reviewed journal;public preprint,derived,derived,L-21-21;U-D0024,2026-09-26T00:00:00Z,audited,Bounds are best found in the audited sources and stated elementary closure; global literature completeness is not claimed.
C,21,22,33,64,false,dugger-isaksen-2008,shapiro-2000,BP2 obstruction,published construction,peer-reviewed journal,scholarly book/monograph,derived,derived,L-21-22;U-TABLE-shapiro-2000-21-22,2026-09-26T00:00:00Z,audited,Bounds are best found in the audited sources and stated elementary closure; global literature completeness is not claimed.
C,21,23,37,64,false,dugger-isaksen-2008,shapiro-2000,BP2 obstruction,published construction,peer-reviewed journal,scholarly book/monograph,derived,derived,L-21-23;U-TABLE-shapiro-2000-21-23,2026-09-26T00:00:00Z,audited,Bounds are best found in the audited sources and stated elementary closure; global literature completeness is not claimed.
C,21,24,37,64,false,dugger-isaksen-2008,shapiro-2000,BP2 obstruction,published construction,peer-reviewed journal,scholarly book/monograph,derived,derived,L-21-24;U-TABLE-shapiro-2000-21-24,2026-09-26T00:00:00Z,audited,Bounds are best found in the audited sources and stated elementary closure; global literature completeness is not claimed.
C,21,25,37,72,false,dugger-isaksen-2008,shapiro-2000,BP2 obstruction,published construction,peer-reviewed journal,scholarly book/monograph,derived,derived,L-21-25;U-TABLE-shapiro-2000-21-25,2026-09-26T00:00:00Z,audited,Bounds are best found in the audited sources and stated elementary closure; global literature completeness is not claimed.
C,21,26,37,76,false,dugger-isaksen-2008,shapiro-2000,BP2 obstruction,published construction,peer-reviewed journal,scholarly book/monograph,derived,derived,L-21-26;U-TABLE-shapiro-2000-21-26,2026-09-26T00:00:00Z,audited,Bounds are best found in the audited sources and stated elementary closure; global literature completeness is not claimed.
C,21,27,41,77,false,dugger-isaksen-2008,shapiro-2000,BP2 obstruction,published construction,peer-reviewed journal,scholarly book/monograph,derived,derived,L-21-27;U-TABLE-shapiro-2000-21-27,2026-09-26T00:00:00Z,audited,Bounds are best found in the audited sources and stated elementary closure; global literature completeness is not claimed.
C,21,28,41,80,false,dugger-isaksen-2008,shapiro-2000,BP2 obstruction,published construction,peer-reviewed journal,scholarly book/monograph,derived,derived,L-21-28;U-TABLE-shapiro-2000-21-28,2026-09-26T00:00:00Z,audited,Bounds are best found in the audited sources and stated elementary closure; global literature completeness is not claimed.
C,21,29,41,80,false,dugger-isaksen-2008,shapiro-2000,BP2 obstruction,published construction,peer-reviewed journal,scholarly book/monograph,derived,derived,L-21-29;U-TABLE-shapiro-2000-21-29,2026-09-26T00:00:00Z,audited,Bounds are best found in the audited sources and stated elementary closure; global literature completeness is not claimed.
C,21,30,41,82,false,dugger-isaksen-2008,smith-yiu-1992;zhang-zhu-2026,BP2 obstruction,direct sum,peer-reviewed journal,peer-reviewed journal;public preprint,derived,derived,L-21-30;U-D0035,2026-09-26T00:00:00Z,audited,Bounds are best found in the audited sources and stated elementary closure; global literature completeness is not claimed.
C,21,31,45,82,false,dugger-isaksen-2008,shapiro-2000;smith-yiu-1992;zhang-zhu-2026,BP2 obstruction,direct sum,peer-reviewed journal,peer-reviewed journal;public preprint;scholarly book/monograph,derived,derived,L-21-31;U-D0036,2026-09-26T00:00:00Z,audited,Bounds are best found in the audited sources and stated elementary closure; global literature completeness is not claimed.
C,21,32,45,82,false,dugger-isaksen-2008,shapiro-2000;smith-yiu-1992;zhang-zhu-2026,BP2 obstruction,direct sum,peer-reviewed journal,peer-reviewed journal;public preprint;scholarly book/monograph,derived,derived,L-21-32;U-D0039,2026-09-26T00:00:00Z,audited,Bounds are best found in the audited sources and stated elementary closure; global literature completeness is not claimed.
C,22,22,33,66,false,dugger-isaksen-2008,shapiro-2000;zhang-zhu-2026,BP2 obstruction,direct sum,peer-reviewed journal,public preprint;scholarly book/monograph,derived,derived,L-22-22;U-D0030,2026-09-26T00:00:00Z,audited,Bounds are best found in the audited sources and stated elementary closure; global literature completeness is not claimed.
C,22,23,37,68,false,dugger-isaksen-2008,shapiro-2000;zhang-zhu-2026,BP2 obstruction,direct sum,peer-reviewed journal,public preprint;scholarly book/monograph,derived,derived,L-22-23;U-D0032,2026-09-26T00:00:00Z,audited,Bounds are best found in the audited sources and stated elementary closure; global literature completeness is not claimed.
C,22,24,37,68,false,dugger-isaksen-2008,shapiro-2000;zhang-zhu-2026,BP2 obstruction,direct sum,peer-reviewed journal,public preprint;scholarly book/monograph,derived,derived,L-22-24;U-D0034,2026-09-26T00:00:00Z,audited,Bounds are best found in the audited sources and stated elementary closure; global literature completeness is not claimed.
C,22,25,37,72,false,dugger-isaksen-2008,shapiro-2000,BP2 obstruction,published construction,peer-reviewed journal,scholarly book/monograph,derived,derived,L-22-25;U-TABLE-shapiro-2000-22-25,2026-09-26T00:00:00Z,audited,Bounds are best found in the audited sources and stated elementary closure; global literature completeness is not claimed.
C,22,26,37,78,false,dugger-isaksen-2008,shapiro-2000,BP2 obstruction,published construction,peer-reviewed journal,scholarly book/monograph,derived,derived,L-22-26;U-TABLE-shapiro-2000-22-26,2026-09-26T00:00:00Z,audited,Bounds are best found in the audited sources and stated elementary closure; global literature completeness is not claimed.
C,22,27,41,80,false,dugger-isaksen-2008,shapiro-2000,BP2 obstruction,published construction,peer-reviewed journal,scholarly book/monograph,derived,derived,L-22-27;U-TABLE-shapiro-2000-22-27,2026-09-26T00:00:00Z,audited,Bounds are best found in the audited sources and stated elementary closure; global literature completeness is not claimed.
C,22,28,41,80,false,dugger-isaksen-2008,shapiro-2000,BP2 obstruction,published construction,peer-reviewed journal,scholarly book/monograph,derived,derived,L-22-28;U-TABLE-shapiro-2000-22-28,2026-09-26T00:00:00Z,audited,Bounds are best found in the audited sources and stated elementary closure; global literature completeness is not claimed.
C,22,29,41,80,false,dugger-isaksen-2008,shapiro-2000,BP2 obstruction,published construction,peer-reviewed journal,scholarly book/monograph,derived,derived,L-22-29;U-TABLE-shapiro-2000-22-29,2026-09-26T00:00:00Z,audited,Bounds are best found in the audited sources and stated elementary closure; global literature completeness is not claimed.
C,22,30,41,82,false,dugger-isaksen-2008,shapiro-2000;smith-yiu-1992;zhang-zhu-2026,BP2 obstruction,direct sum,peer-reviewed journal,peer-reviewed journal;public preprint;scholarly book/monograph,derived,derived,L-22-30;U-D0037,2026-09-26T00:00:00Z,audited,Bounds are best found in the audited sources and stated elementary closure; global literature completeness is not claimed.
C,22,31,45,82,false,dugger-isaksen-2008,shapiro-2000;zhang-zhu-2026,BP2 obstruction,direct sum,peer-reviewed journal,public preprint;scholarly book/monograph,derived,derived,L-22-31;U-D0040,2026-09-26T00:00:00Z,audited,Bounds are best found in the audited sources and stated elementary closure; global literature completeness is not claimed.
C,22,32,45,82,false,dugger-isaksen-2008,shapiro-2000;zhang-zhu-2026,BP2 obstruction,direct sum,peer-reviewed journal,public preprint;scholarly book/monograph,derived,derived,L-22-32;U-D0041,2026-09-26T00:00:00Z,audited,Bounds are best found in the audited sources and stated elementary closure; global literature completeness is not claimed.
C,23,23,37,72,false,dugger-isaksen-2008,shapiro-2000,BP2 obstruction,published construction,peer-reviewed journal,scholarly book/monograph,derived,derived,L-23-23;U-TABLE-shapiro-2000-23-23,2026-09-26T00:00:00Z,audited,Bounds are best found in the audited sources and stated elementary closure; global literature completeness is not claimed.
C,23,24,37,72,false,dugger-isaksen-2008,shapiro-2000,BP2 obstruction,published construction,peer-reviewed journal,scholarly book/monograph,derived,derived,L-23-24;U-TABLE-shapiro-2000-23-24,2026-09-26T00:00:00Z,audited,Bounds are best found in the audited sources and stated elementary closure; global literature completeness is not claimed.
C,23,25,37,72,false,dugger-isaksen-2008,shapiro-2000,BP2 obstruction,published construction,peer-reviewed journal,scholarly book/monograph,derived,derived,L-23-25;U-TABLE-shapiro-2000-23-25,2026-09-26T00:00:00Z,audited,Bounds are best found in the audited sources and stated elementary closure; global literature completeness is not claimed.
C,23,26,37,78,false,dugger-isaksen-2008,shapiro-2000,BP2 obstruction,published construction,peer-reviewed journal,scholarly book/monograph,derived,derived,L-23-26;U-TABLE-shapiro-2000-23-26,2026-09-26T00:00:00Z,audited,Bounds are best found in the audited sources and stated elementary closure; global literature completeness is not claimed.
C,23,27,43,80,false,dugger-isaksen-2008,shapiro-2000,BP2 obstruction,published construction,peer-reviewed journal,scholarly book/monograph,derived,derived,L-23-27;U-TABLE-shapiro-2000-23-27,2026-09-26T00:00:00Z,audited,Bounds are best found in the audited sources and stated elementary closure; global literature completeness is not claimed.
C,23,28,43,84,false,dugger-isaksen-2008,shapiro-2000,BP2 obstruction,published construction,peer-reviewed journal,scholarly book/monograph,derived,derived,L-23-28;U-TABLE-shapiro-2000-23-28,2026-09-26T00:00:00Z,audited,Bounds are best found in the audited sources and stated elementary closure; global literature completeness is not claimed.
C,23,29,45,88,false,dugger-isaksen-2008,shapiro-2000,BP2 obstruction,published construction,peer-reviewed journal,scholarly book/monograph,derived,derived,L-23-29;U-TABLE-shapiro-2000-23-29,2026-09-26T00:00:00Z,audited,Bounds are best found in the audited sources and stated elementary closure; global literature completeness is not claimed.
C,23,30,45,90,false,dugger-isaksen-2008,shapiro-2000,BP2 obstruction,published construction,peer-reviewed journal,scholarly book/monograph,derived,derived,L-23-30;U-TABLE-shapiro-2000-23-30,2026-09-26T00:00:00Z,audited,Bounds are best found in the audited sources and stated elementary closure; global literature completeness is not claimed.
C,23,31,45,90,false,dugger-isaksen-2008,shapiro-2000,BP2 obstruction,published construction,peer-reviewed journal,scholarly book/monograph,derived,derived,L-23-31;U-TABLE-shapiro-2000-23-31,2026-09-26T00:00:00Z,audited,Bounds are best found in the audited sources and stated elementary closure; global literature completeness is not claimed.
C,23,32,45,90,false,dugger-isaksen-2008,shapiro-2000,BP2 obstruction,published construction,peer-reviewed journal,scholarly book/monograph,derived,derived,L-23-32;U-TABLE-shapiro-2000-23-32,2026-09-26T00:00:00Z,audited,Bounds are best found in the audited sources and stated elementary closure; global literature completeness is not claimed.
C,24,24,37,72,false,dugger-isaksen-2008,shapiro-2000,BP2 obstruction,published construction,peer-reviewed journal,scholarly book/monograph,derived,derived,L-24-24;U-TABLE-shapiro-2000-24-24,2026-09-26T00:00:00Z,audited,Bounds are best found in the audited sources and stated elementary closure; global literature completeness is not claimed.
C,24,25,37,72,false,dugger-isaksen-2008,shapiro-2000,BP2 obstruction,published construction,peer-reviewed journal,scholarly book/monograph,derived,derived,L-24-25;U-TABLE-shapiro-2000-24-25,2026-09-26T00:00:00Z,audited,Bounds are best found in the audited sources and stated elementary closure; global literature completeness is not claimed.
C,24,26,37,80,false,dugger-isaksen-2008,shapiro-2000,BP2 obstruction,published construction,peer-reviewed journal,scholarly book/monograph,derived,derived,L-24-26;U-TABLE-shapiro-2000-24-26,2026-09-26T00:00:00Z,audited,Bounds are best found in the audited sources and stated elementary closure; global literature completeness is not claimed.
C,24,27,43,80,false,dugger-isaksen-2008,shapiro-2000,BP2 obstruction,published construction,peer-reviewed journal,scholarly book/monograph,derived,derived,L-24-27;U-TABLE-shapiro-2000-24-27,2026-09-26T00:00:00Z,audited,Bounds are best found in the audited sources and stated elementary closure; global literature completeness is not claimed.
C,24,28,43,84,false,dugger-isaksen-2008,smith-yiu-1992;zhang-zhu-2026,BP2 obstruction,direct sum,peer-reviewed journal,peer-reviewed journal;public preprint,derived,derived,L-24-28;U-D0038,2026-09-26T00:00:00Z,audited,Bounds are best found in the audited sources and stated elementary closure; global literature completeness is not claimed.
C,24,29,45,88,false,dugger-isaksen-2008,shapiro-2000,BP2 obstruction,published construction,peer-reviewed journal,scholarly book/monograph,derived,derived,L-24-29;U-TABLE-shapiro-2000-24-29,2026-09-26T00:00:00Z,audited,Bounds are best found in the audited sources and stated elementary closure; global literature completeness is not claimed.
C,24,30,45,90,false,dugger-isaksen-2008,shapiro-2000,BP2 obstruction,published construction,peer-reviewed journal,scholarly book/monograph,derived,derived,L-24-30;U-TABLE-shapiro-2000-24-30,2026-09-26T00:00:00Z,audited,Bounds are best found in the audited sources and stated elementary closure; global literature completeness is not claimed.
C,24,31,45,90,false,dugger-isaksen-2008,shapiro-2000,BP2 obstruction,published construction,peer-reviewed journal,scholarly book/monograph,derived,derived,L-24-31;U-TABLE-shapiro-2000-24-31,2026-09-26T00:00:00Z,audited,Bounds are best found in the audited sources and stated elementary closure; global literature completeness is not claimed.
C,24,32,45,90,false,dugger-isaksen-2008,shapiro-2000,BP2 obstruction,published construction,peer-reviewed journal,scholarly book/monograph,derived,derived,L-24-32;U-TABLE-shapiro-2000-24-32,2026-09-26T00:00:00Z,audited,Bounds are best found in the audited sources and stated elementary closure; global literature completeness is not claimed.
C,25,25,38,72,false,antoniano-gitler-1984;shapiro-2000,shapiro-2000,axial-map obstruction,published construction,peer-reviewed journal;scholarly book/monograph,scholarly book/monograph,derived,derived,L-25-25;U-TABLE-shapiro-2000-25-25,2026-09-26T00:00:00Z,audited,Bounds are best found in the audited sources and stated elementary closure; global literature completeness is not claimed.
C,25,26,38,80,false,antoniano-gitler-1984;shapiro-2000,shapiro-2000,axial-map obstruction,published construction,peer-reviewed journal;scholarly book/monograph,scholarly book/monograph,derived,derived,L-25-26;U-TABLE-shapiro-2000-25-26,2026-09-26T00:00:00Z,audited,Bounds are best found in the audited sources and stated elementary closure; global literature completeness is not claimed.
C,25,27,45,80,false,dugger-isaksen-2008,shapiro-2000,BP2 obstruction,published construction,peer-reviewed journal,scholarly book/monograph,derived,derived,L-25-27;U-TABLE-shapiro-2000-25-27,2026-09-26T00:00:00Z,audited,Bounds are best found in the audited sources and stated elementary closure; global literature completeness is not claimed.
C,25,28,45,88,false,dugger-isaksen-2008,shapiro-2000,BP2 obstruction,published construction,peer-reviewed journal,scholarly book/monograph,derived,derived,L-25-28;U-TABLE-shapiro-2000-25-28,2026-09-26T00:00:00Z,audited,Bounds are best found in the audited sources and stated elementary closure; global literature completeness is not claimed.
C,25,29,45,94,false,dugger-isaksen-2008,shapiro-2000,BP2 obstruction,published construction,peer-reviewed journal,scholarly book/monograph,derived,derived,L-25-29;U-TABLE-shapiro-2000-25-29,2026-09-26T00:00:00Z,audited,Bounds are best found in the audited sources and stated elementary closure; global literature completeness is not claimed.
C,25,30,45,94,false,dugger-isaksen-2008,smith-yiu-1992;zhang-zhu-2026,BP2 obstruction,direct sum,peer-reviewed journal,peer-reviewed journal;public preprint,derived,derived,L-25-30;U-D0042,2026-09-26T00:00:00Z,audited,Bounds are best found in the audited sources and stated elementary closure; global literature completeness is not claimed.
C,25,31,45,96,false,dugger-isaksen-2008,shapiro-2000,BP2 obstruction,published construction,peer-reviewed journal,scholarly book/monograph,derived,derived,L-25-31;U-TABLE-shapiro-2000-25-31,2026-09-26T00:00:00Z,audited,Bounds are best found in the audited sources and stated elementary closure; global literature completeness is not claimed.
C,25,32,45,96,false,dugger-isaksen-2008,shapiro-2000,BP2 obstruction,published construction,peer-reviewed journal,scholarly book/monograph,derived,derived,L-25-32;U-TABLE-shapiro-2000-25-32,2026-09-26T00:00:00Z,audited,Bounds are best found in the audited sources and stated elementary closure; global literature completeness is not claimed.
C,26,26,39,80,false,antoniano-gitler-1984;shapiro-2000,shapiro-2000,axial-map obstruction,published construction,peer-reviewed journal;scholarly book/monograph,scholarly book/monograph,derived,derived,L-26-26;U-TABLE-shapiro-2000-26-26,2026-09-26T00:00:00Z,audited,Bounds are best found in the audited sources and stated elementary closure; global literature completeness is not claimed.
C,26,27,45,80,false,dugger-isaksen-2008,shapiro-2000,BP2 obstruction,published construction,peer-reviewed journal,scholarly book/monograph,derived,derived,L-26-27;U-TABLE-shapiro-2000-26-27,2026-09-26T00:00:00Z,audited,Bounds are best found in the audited sources and stated elementary closure; global literature completeness is not claimed.
C,26,28,45,89,false,dugger-isaksen-2008,shapiro-2000,BP2 obstruction,published construction,peer-reviewed journal,scholarly book/monograph,derived,derived,L-26-28;U-TABLE-shapiro-2000-26-28,2026-09-26T00:00:00Z,audited,Bounds are best found in the audited sources and stated elementary closure; global literature completeness is not claimed.
C,26,29,45,94,false,dugger-isaksen-2008,shapiro-2000,BP2 obstruction,published construction,peer-reviewed journal,scholarly book/monograph,derived,derived,L-26-29;U-TABLE-shapiro-2000-26-29,2026-09-26T00:00:00Z,audited,Bounds are best found in the audited sources and stated elementary closure; global literature completeness is not claimed.
C,26,30,45,94,false,dugger-isaksen-2008,shapiro-2000;smith-yiu-1992;zhang-zhu-2026,BP2 obstruction,direct sum,peer-reviewed journal,peer-reviewed journal;public preprint;scholarly book/monograph,derived,derived,L-26-30;U-D0043,2026-09-26T00:00:00Z,audited,Bounds are best found in the audited sources and stated elementary closure; global literature completeness is not claimed.
C,26,31,45,96,false,dugger-isaksen-2008,shapiro-2000,BP2 obstruction,published construction,peer-reviewed journal,scholarly book/monograph,derived,derived,L-26-31;U-TABLE-shapiro-2000-26-31,2026-09-26T00:00:00Z,audited,Bounds are best found in the audited sources and stated elementary closure; global literature completeness is not claimed.
C,26,32,45,96,false,dugger-isaksen-2008,shapiro-2000,BP2 obstruction,published construction,peer-reviewed journal,scholarly book/monograph,derived,derived,L-26-32;U-TABLE-shapiro-2000-26-32,2026-09-26T00:00:00Z,audited,Bounds are best found in the audited sources and stated elementary closure; global literature completeness is not claimed.
C,27,27,45,89,false,dugger-isaksen-2008,shapiro-2000,BP2 obstruction,published construction,peer-reviewed journal,scholarly book/monograph,derived,derived,L-27-27;U-TABLE-shapiro-2000-27-27,2026-09-26T00:00:00Z,audited,Bounds are best found in the audited sources and stated elementary closure; global literature completeness is not claimed.
C,27,28,45,89,false,dugger-isaksen-2008,shapiro-2000,BP2 obstruction,published construction,peer-reviewed journal,scholarly book/monograph,derived,derived,L-27-28;U-TABLE-shapiro-2000-27-28,2026-09-26T00:00:00Z,audited,Bounds are best found in the audited sources and stated elementary closure; global literature completeness is not claimed.
C,27,29,45,96,false,dugger-isaksen-2008,shapiro-2000,BP2 obstruction,published construction,peer-reviewed journal,scholarly book/monograph,derived,derived,L-27-29;U-TABLE-shapiro-2000-27-29,2026-09-26T00:00:00Z,audited,Bounds are best found in the audited sources and stated elementary closure; global literature completeness is not claimed.
C,27,30,45,96,false,dugger-isaksen-2008,shapiro-2000,BP2 obstruction,published construction,peer-reviewed journal,scholarly book/monograph,derived,derived,L-27-30;U-TABLE-shapiro-2000-27-30,2026-09-26T00:00:00Z,audited,Bounds are best found in the audited sources and stated elementary closure; global literature completeness is not claimed.
C,27,31,45,96,false,dugger-isaksen-2008,shapiro-2000,BP2 obstruction,published construction,peer-reviewed journal,scholarly book/monograph,derived,derived,L-27-31;U-TABLE-shapiro-2000-27-31,2026-09-26T00:00:00Z,audited,Bounds are best found in the audited sources and stated elementary closure; global literature completeness is not claimed.
C,27,32,45,96,false,dugger-isaksen-2008,shapiro-2000,BP2 obstruction,published construction,peer-reviewed journal,scholarly book/monograph,derived,derived,L-27-32;U-TABLE-shapiro-2000-27-32,2026-09-26T00:00:00Z,audited,Bounds are best found in the audited sources and stated elementary closure; global literature completeness is not claimed.
C,28,28,45,96,false,dugger-isaksen-2008,shapiro-2000,BP2 obstruction,published construction,peer-reviewed journal,scholarly book/monograph,derived,derived,L-28-28;U-TABLE-shapiro-2000-28-28,2026-09-26T00:00:00Z,audited,Bounds are best found in the audited sources and stated elementary closure; global literature completeness is not claimed.
C,28,29,45,96,false,dugger-isaksen-2008,shapiro-2000,BP2 obstruction,published construction,peer-reviewed journal,scholarly book/monograph,derived,derived,L-28-29;U-TABLE-shapiro-2000-28-29,2026-09-26T00:00:00Z,audited,Bounds are best found in the audited sources and stated elementary closure; global literature completeness is not claimed.
C,28,30,45,96,false,dugger-isaksen-2008,shapiro-2000,BP2 obstruction,published construction,peer-reviewed journal,scholarly book/monograph,derived,derived,L-28-30;U-TABLE-shapiro-2000-28-30,2026-09-26T00:00:00Z,audited,Bounds are best found in the audited sources and stated elementary closure; global literature completeness is not claimed.
C,28,31,45,96,false,dugger-isaksen-2008,shapiro-2000,BP2 obstruction,published construction,peer-reviewed journal,scholarly book/monograph,derived,derived,L-28-31;U-TABLE-shapiro-2000-28-31,2026-09-26T00:00:00Z,audited,Bounds are best found in the audited sources and stated elementary closure; global literature completeness is not claimed.
C,28,32,45,96,false,dugger-isaksen-2008,shapiro-2000,BP2 obstruction,published construction,peer-reviewed journal,scholarly book/monograph,derived,derived,L-28-32;U-TABLE-shapiro-2000-28-32,2026-09-26T00:00:00Z,audited,Bounds are best found in the audited sources and stated elementary closure; global literature completeness is not claimed.
C,29,29,45,96,false,dugger-isaksen-2008,shapiro-2000,BP2 obstruction,published construction,peer-reviewed journal,scholarly book/monograph,derived,derived,L-29-29;U-TABLE-shapiro-2000-29-29,2026-09-26T00:00:00Z,audited,Bounds are best found in the audited sources and stated elementary closure; global literature completeness is not claimed.
C,29,30,45,96,false,dugger-isaksen-2008,shapiro-2000,BP2 obstruction,published construction,peer-reviewed journal,scholarly book/monograph,derived,derived,L-29-30;U-TABLE-shapiro-2000-29-30,2026-09-26T00:00:00Z,audited,Bounds are best found in the audited sources and stated elementary closure; global literature completeness is not claimed.
C,29,31,47,96,false,dugger-isaksen-2008,shapiro-2000,BP2 obstruction,published construction,peer-reviewed journal,scholarly book/monograph,derived,derived,L-29-31;U-TABLE-shapiro-2000-29-31,2026-09-26T00:00:00Z,audited,Bounds are best found in the audited sources and stated elementary closure; global literature completeness is not claimed.
C,29,32,47,96,false,dugger-isaksen-2008,shapiro-2000,BP2 obstruction,published construction,peer-reviewed journal,scholarly book/monograph,derived,derived,L-29-32;U-TABLE-shapiro-2000-29-32,2026-09-26T00:00:00Z,audited,Bounds are best found in the audited sources and stated elementary closure; global literature completeness is not claimed.
C,30,30,45,96,false,dugger-isaksen-2008,shapiro-2000,BP2 obstruction,published construction,peer-reviewed journal,scholarly book/monograph,derived,derived,L-30-30;U-TABLE-shapiro-2000-30-30,2026-09-26T00:00:00Z,audited,Bounds are best found in the audited sources and stated elementary closure; global literature completeness is not claimed.
C,30,31,47,96,false,dugger-isaksen-2008,shapiro-2000,BP2 obstruction,published construction,peer-reviewed journal,scholarly book/monograph,derived,derived,L-30-31;U-TABLE-shapiro-2000-30-31,2026-09-26T00:00:00Z,audited,Bounds are best found in the audited sources and stated elementary closure; global literature completeness is not claimed.
C,30,32,47,96,false,dugger-isaksen-2008,shapiro-2000,BP2 obstruction,published construction,peer-reviewed journal,scholarly book/monograph,derived,derived,L-30-32;U-TABLE-shapiro-2000-30-32,2026-09-26T00:00:00Z,audited,Bounds are best found in the audited sources and stated elementary closure; global literature completeness is not claimed.
C,31,31,47,114,false,dugger-isaksen-2008,shapiro-2000;smith-yiu-1992;zhang-zhu-2026,BP2 obstruction,direct sum,peer-reviewed journal,peer-reviewed journal;public preprint;scholarly book/monograph,derived,derived,L-31-31;U-D0044,2026-09-26T00:00:00Z,audited,Bounds are best found in the audited sources and stated elementary closure; global literature completeness is not claimed.
C,31,32,47,114,false,dugger-isaksen-2008,shapiro-2000;smith-yiu-1992;zhang-zhu-2026,BP2 obstruction,direct sum,peer-reviewed journal,peer-reviewed journal;public preprint;scholarly book/monograph,derived,derived,L-31-32;U-D0045,2026-09-26T00:00:00Z,audited,Bounds are best found in the audited sources and stated elementary closure; global literature completeness is not claimed.
C,32,32,48,114,false,antoniano-gitler-1984;shapiro-2000,shapiro-2000;zhang-zhu-2026,axial-map obstruction,direct sum,peer-reviewed journal;scholarly book/monograph,public preprint;scholarly book/monograph,derived,derived,L-32-32;U-D0046,2026-09-26T00:00:00Z,audited,Bounds are best found in the audited sources and stated elementary closure; global literature completeness is not claimed.
